1,AIR,BEAR,CARE,FAIR,HAIR,SHARE,AFFAIR,DESPAIR,GLARE,RARE,UNAWARE,,,,,,,,,,,,,,,,,,,,,,,,,,,,,,,,
2,ARM,CHARM,FARM,HARM,WARM,DISARM,ALARM,EMBALM,,,,,,,,,,,,,,,,,,,,,,,,,,,,,,,,,,,
3,AGE,CAGE,PAGE,SAGE,RAGE,ENGAGE,RAMPAGE,STAGE,WAGE,,,,,,,,,,,,,,,,,,,,,,,,,,,,,,,,,,
4,AIM,BLAME,FAME,GAME,NAME,PROCLAIM,EXCLAIM,RECLAIM,FLAME,,,,,,,,,,,,,,,,,,,,,,,,,,,,,,,,,,
5,BRIGHT,LIGHT,NIGHT,SIGHT,WHITE,DELIGHT,CONTRITE,HEIGHT,REIGNITE,,,,,,,,,,,,,,,,,,,,,,,,,,,,,,,,,,
6,BURN,TURN,LEARN,EARN,DISCERN,INTERN,YEARN,CONCERN,ADJOURN,,,,,,,,,,,,,,,,,,,,,,,,,,,,,,,,,,
7,BALL,CALL,FALL,HALL,TALL,INSTALL,OVERALL,RECALL,SMALL,,,,,,,,,,,,,,,,,,,,,,,,,,,,,,,,,,
8,BEND,BLEND,SEND,FRIEND,LEND,APPEND,DEFEND,SUSPEND,EXTEND,,,,,,,,,,,,,,,,,,,,,,,,,,,,,,,,,,
9,CRY,FLY,HIGH,TIE,SKY,COMPLY,DIGNIFY,INTENSIFY,BUTTERFLY,,,,,,,,,,,,,,,,,,,,,,,,,,,,,,,,,,
10,COLD,BOLD,HOLD,FOLD,GOLD,ENFOLD,BEHOLD,UNTOLD,UNCONTROLLED,,,,,,,,,,,,,,,,,,,,,,,,,,,,,,,,,,
12,CLIMB,RHYME,TIME,CHIME,LIME,SUBLIME,REPRIME,PRIME,CRIME,,,,,,,,,,,,,,,,,,,,,,,,,,,,,,,,,,
13,CLEAR,DEAR,FEAR,HEAR,NEAR,APPEAR,REVERE,ENGINEER,STEER,,,,,,,,,,,,,,,,,,,,,,,,,,,,,,,,,,
14,DAY,BAY,CLAY,MAY,PLAY,ARRAY,DISPLAY,CONVEY,DECAY,,,,,,,,,,,,,,,,,,,,,,,,,,,,,,,,,,
15,DEEP,KEEP,LEAP,PEEP,SLEEP,STEEP,CREEP,SWEEP,HEAP,,,,,,,,,,,,,,,,,,,,,,,,,,,,,,,,,,
16,DREAM,BEAM,CREAM,SCREAM,TEAM,REDEEM,ESTEEM,REGIME,GLEAM,,,,,,,,,,,,,,,,,,,,,,,,,,,,,,,,,,
17,EDGE,PLEDGE,HEDGE,WEDGE,SLEDGE,ACKNOWLEDGE,PRIVILEGE,COLLEGE,KNOWLEDGE,,,,,,,,,,,,,,,,,,,,,,,,,,,,,,,,,,
18,DRAW,CLAW,FLAW,JAW,PAW,WITHDRAW,OUTLAW,OVERAWE,FORESAW,,,,,,,,,,,,,,,,,,,,,,,,,,,,,,,,,,
19,END,BEND,FRIEND,SEND,LEND,APPEND,DEFEND,SUSPEND,EXTEND,,,,,,,,,,,,,,,,,,,,,,,,,,,,,,,,,,
20,EASE,BREEZE,CHEESE,PLEASE,TEASE,SQUEEZE,APPEASE,FREEZE,SEIZE,,,,,,,,,,,,,,,,,,,,,,,,,,,,,,,,,,
21,FIRE,HIRE,TIRE,WIRE,MIRE,DESIRE,ENTIRE,INSPIRE,CONSPIRE,,,,,,,,,,,,,,,,,,,,,,,,,,,,,,,,,,
22,FACE,BASE,CASE,CHASE,GRACE,EMBRACE,REPLACE,DISGRACE,RETRACE,,,,,,,,,,,,,,,,,,,,,,,,,,,,,,,,,,
23,FEEL,HEEL,MEAL,REAL,SEAL,APPEAL,CONCEAL,REVEAL,IDEAL,,,,,,,,,,,,,,,,,,,,,,,,,,,,,,,,,,
71,FINE,LINE,MINE,SHINE,DINE,DEFINE,REFINE,RECLINE,INCLINE,,,,,,,,,,,,,,,,,,,,,,,,,,,,,,,,,,
4,GAME,NAME,SAME,TAME,FRAME,PROCLAIM,EXCLAIM,RECLAIM,BLAME,,,,,,,,,,,,,,,,,,,,,,,,,,,,,,,,,,
11,GOLD,BOLD,HOLD,FOLD,SOLD,UNFOLD,BEHOLD,UNTOLD,CONTROLLED,,,,,,,,,,,,,,,,,,,,,,,,,,,,,,,,,,
87,GLOW,FLOW,KNOW,SHOW,SLOW,BESTOW,OVERTHROW,PLATEAU,SHADOW,,,,,,,,,,,,,,,,,,,,,,,,,,,,,,,,,,
22,GRACE,BASE,CASE,FACE,PLACE,EMBRACE,REPLACE,DISGRACE,RETRACE,,,,,,,,,,,,,,,,,,,,,,,,,,,,,,,,,,
27,HEART,CART,PART,START,SMART,APART,CHART,IMPART,DART,,,,,,,,,,,,,,,,,,,,,,,,,,,,,,,,,,
28,HILL,BILL,CHILL,FILL,STILL,INSTIL,FULFIL,SPILL,TRILL,INSTILL,FULFILL,,,,,,,,,,,,,,,,,,,,,,,,,,,,,,,,
29,HOPE,COPE,ROPE,SCOPE,SLOPE,ELOPE,ENVELOPE,GROPE,ANTELOPE,,,,,,,,,,,,,,,,,,,,,,,,,,,,,,,,,,
2,HARM,ARM,CHARM,FARM,ALARM,DISARM,EMBALM,CALM,,,,,,,,,,,,,,,,,,,,,,,,,,,,,,,,,,,
30,ICE,DICE,MICE,NICE,PRICE,ENTICE,PRECISE,SPLICE,SLICE,,,,,,,,,,,,,,,,,,,,,,,,,,,,,,,,,,
31,INCH,PINCH,CINCH,FLINCH,FINCH,UNCLINCH,REFLINCH,LYNCH,CRINCH,,,,,,,,,,,,,,,,,,,,,,,,,,,,,,,,,,
13,IDEA,FEAR,NEAR,CHEER,CLEAR,APPEAR,REVERE,ENGINEER,STEER,,,,,,,,,,,,,,,,,,,,,,,,,,,,,,,,,,
32,IDLE,BRIDLE,RIDDLE,TIDAL,VITAL,ENTITLE,RECITAL,UNBRIDLE,SUBTLE,,,,,,,,,,,,,,,,,,,,,,,,,,,,,,,,,,
33,JOY,BOY,COY,TOY,EMPLOY,ALLOY,ANNOY,DECOY,DESTROY,,,,,,,,,,,,,,,,,,,,,,,,,,,,,,,,,,
34,JUMP,BUMP,HUMP,LUMP,STUMP,THUMP,CLUMP,TRUMP,SLUMP,,,,,,,,,,,,,,,,,,,,,,,,,,,,,,,,,,
35,JOKE,POKE,SMOKE,BROKE,CLOAK,EVOKE,PROVOKE,REVOKE,AWOKE,,,,,,,,,,,,,,,,,,,,,,,,,,,,,,,,,,
36,JOLT,BOLT,COLT,REVOLT,VOLT,DEFAULT,CONSULT,CATAPULT,OCCULT,,,,,,,,,,,,,,,,,,,,,,,,,,,,,,,,,,
37,KING,BRING,SING,WING,STRING,UPSWING,FLING,SWING,BLING,,,,,,,,,,,,,,,,,,,,,,,,,,,,,,,,,,
10,KNEE,BEE,FEE,SEE,TREE,AGREE,DEGREE,FLEE,SPREE,,,,,,,,,,,,,,,,,,,,,,,,,,,,,,,,,,
38,KIND,FIND,MIND,BLIND,WIND,UNWIND,REMIND,REFINED,ALIGNED,,,,,,,,,,,,,,,,,,,,,,,,,,,,,,,,,,
15,KEEP,DEEP,LEAP,PEEP,SLEEP,STEEP,SWEEP,HEAP,REAP,,,,,,,,,,,,,,,,,,,,,,,,,,,,,,,,,,
8,LIGHT,BRIGHT,FIGHT,NIGHT,SIGHT,DELIGHT,CONTRITE,INSIGHT,FLIGHT,,,,,,,,,,,,,,,,,,,,,,,,,,,,,,,,,,
39,LONG,SONG,STRONG,WRONG,ALONG,PROLONG,BELONG,LIFELONG,THRONG,,,,,,,,,,,,,,,,,,,,,,,,,,,,,,,,,,
40,LOVE,ABOVE,DOVE,GLOVE,SHOVE,UNLOVE,BELOVED,DISAPPROVE,REPROVE,,,,,,,,,,,,,,,,,,,,,,,,,,,,,,,,,,
43,LUCK,BUCK,DUCK,TRUCK,STUCK,PLUCK,UNSTUCK,MUCK,STRUCK,,,,,,,,,,,,,,,,,,,,,,,,,,,,,,,,,,
8,MIGHT,BRIGHT,LIGHT,NIGHT,FIGHT,INCITE,EXCITE,IGNITE,POLITE,,,,,,,,,,,,,,,,,,,,,,,,,,,,,,,,,,
38,MIND,FIND,KIND,BLIND,WIND,REMIND,UNWIND,ALIGNED,REFINED,,,,,,,,,,,,,,,,,,,,,,,,,,,,,,,,,,
44,MOON,SOON,NOON,TUNE,SPOON,BALLOON,COCOON,MAROON,LAGOON,,,,,,,,,,,,,,,,,,,,,,,,,,,,,,,,,,
40,MOVE,GROOVE,PROVE,IMPROVE,REMOVE,DISAPPROVE,REPROVE,SMOOTH,BEHOOVE,,,,,,,,,,,,,,,,,,,,,,,,,,,,,,,,,,
24,NAME,SAME,FAME,TAME,GAME,PROCLAIM,EXCLAIM,RECLAIM,BLAME,,,,,,,,,,,,,,,,,,,,,,,,,,,,,,,,,,
13,NEAR,CLEAR,DEAR,FEAR,YEAR,APPEAR,REVERE,FRONTIER,ENGINEER,,,,,,,,,,,,,,,,,,,,,,,,,,,,,,,,,,
45,NEW,BLUE,CLUE,TRUE,FEW,RENEW,PURSUE,PREVIEW,IMBUE,,,,,,,,,,,,,,,,,,,,,,,,,,,,,,,,,,
5,NIGHT,LIGHT,BRIGHT,FIGHT,SIGHT,DELIGHT,INSIGHT,FLIGHT,CONTRITE,,,,,,,,,,,,,,,,,,,,,,,,,,,,,,,,,,
11,OLD,BOLD,COLD,HOLD,GOLD,ENFOLD,BEHOLD,UNTOLD,CONTROLLED,,,,,,,,,,,,,,,,,,,,,,,,,,,,,,,,,,
46,OPEN,TOKEN,BROKEN,SPOKEN,WOKEN,AWOKEN,UNBROKEN,OUTSPOKEN,OAKEN,,,,,,,,,,,,,,,,,,,,,,,,,,,,,,,,,,
47,OUT,BOUT,CLOUT,SHOUT,SCOUT,DEVOUT,THROUGHOUT,ABOUT,STOUT,,,,,,,,,,,,,,,,,,,,,,,,,,,,,,,,,,
48,OVER,CLOVER,ROVER,HOVER,COVER,DISCOVER,RECOVER,LOVER,MOREOVER,,,,,,,,,,,,,,,,,,,,,,,,,,,,,,,,,,
49,PLAY,BAY,DAY,SAY,STAY,ARRAY,DISPLAY,CONVEY,DECAY,,,,,,,,,,,,,,,,,,,,,,,,,,,,,,,,,,
50,PART,CART,START,HEART,SMART,DEPART,IMPART,CHART,APART,,,,,,,,,,,,,,,,,,,,,,,,,,,,,,,,,,
51,PEACE,CEASE,LEASE,RELEASE,DECREASE,INCREASE,APPEASE,POLICE,GREASE,,,,,,,,,,,,,,,,,,,,,,,,,,,,,,,,,,
52,PURE,CURE,LURE,SURE,MATURE,ENDURE,SECURE,OBSCURE,ALLURE,,,,,,,,,,,,,,,,,,,,,,,,,,,,,,,,,,
53,QUICK,STICK,PICK,BRICK,SLICK,RELIC,SPECIFIC,MAGIC,CIVIC,,,,,,,,,,,,,,,,,,,,,,,,,,,,,,,,,,
54,QUEEN,GREEN,SEEN,MEAN,LEAN,UNSEEN,SERENE,MARINE,ROUTINE,,,,,,,,,,,,,,,,,,,,,,,,,,,,,,,,,,
55,QUEST,BEST,CHEST,REST,TEST,INVEST,REQUEST,DIGEST,PROTEST,,,,,,,,,,,,,,,,,,,,,,,,,,,,,,,,,,
56,QUIET,DIET,RIOT,PILOT,VIOLET,COMPLIANT,DEFIANT,GIANT,RELIANT,,,,,,,,,,,,,,,,,,,,,,,,,,,,,,,,,,
57,RAIN,GAIN,PAIN,TRAIN,MAIN,SUSTAIN,REFRAIN,OBTAIN,DOMAIN,,,,,,,,,,,,,,,,,,,,,,,,,,,,,,,,,,
5,RIGHT,BRIGHT,LIGHT,NIGHT,SIGHT,CONTRITE,INSIGHT,DELIGHT,PLIGHT,,,,,,,,,,,,,,,,,,,,,,,,,,,,,,,,,,
58,ROAD,CODE,LOAD,MODE,TOAD,ABODE,ENCODE,EPISODE,RELOAD,,,,,,,,,,,,,,,,,,,,,,,,,,,,,,,,,,
59,ROCK,BLOCK,CLOCK,DOCK,SHOCK,UNLOCK,RESTOCK,GRIDLOCK,ADHOC,,,,,,,,,,,,,,,,,,,,,,,,,,,,,,,,,,
60,SKY,FLY,HIGH,TIE,WHY,COMPLY,BUTTERFLY,SLY,MULTIPLY,,,,,,,,,,,,,,,,,,,,,,,,,,,,,,,,,,
61,STAR,CAR,FAR,JAR,BAR,BAZAAR,GUITAR,AVATAR,RADAR,,,,,,,,,,,,,,,,,,,,,,,,,,,,,,,,,,
62,STONE,BONE,CONE,LOAN,PHONE,OVERTHROWN,ALONE,GROAN,DRONE,,,,,,,,,,,,,,,,,,,,,,,,,,,,,,,,,,
63,SWEET,BEAT,FEET,HEAT,MEET,COMPETE,COMPLETE,DISCREET,ELITE,,,,,,,,,,,,,,,,,,,,,,,,,,,,,,,,,,
64,TALL,ALL,BALL,CALL,FALL,INSTALL,OVERALL,RECALL,SMALL,,,,,,,,,,,,,,,,,,,,,,,,,,,,,,,,,,
65,TIDE,HIDE,RIDE,SIDE,WIDE,DIVIDE,PROVIDE,DECIDE,GLIDE,,,,,,,,,,,,,,,,,,,,,,,,,,,,,,,,,,
12,TIME,CLIMB,LIME,RHYME,CHIME,SUBLIME,PRIME,REPRIME,CRIME,,,,,,,,,,,,,,,,,,,,,,,,,,,,,,,,,,
62,TONE,BONE,LOAN,PHONE,ZONE,OVERTHROWN,ALONE,DRONE,GROAN,,,,,,,,,,,,,,,,,,,,,,,,,,,,,,,,,,
88,USE,FUSE,MUSE,CHOOSE,LOSE,EXCUSE,ABUSE,DIFFUSE,REFUSE,,,,,,,,,,,,,,,,,,,,,,,,,,,,,,,,,,
66,UP,CUP,PUP,SUP,YUP,SETUP,STARTUP,GALLOP,DEVELOP,,,,,,,,,,,,,,,,,,,,,,,,,,,,,,,,,,
67,URGE,MERGE,SURGE,PURGE,VERGE,RESURGE,CONVERGE,DIVERGE,SUBMERGE,,,,,,,,,,,,,,,,,,,,,,,,,,,,,,,,,,
68,UNDER,THUNDER,PLUNDER,WONDER,SUNDER,ASUNDER,BLUNDER,SURRENDER,RENDER,,,,,,,,,,,,,,,,,,,,,,,,,,,,,,,,,,
45,VIEW,BLUE,CLUE,NEW,FEW,REVIEW,PREVIEW,RENEW,IMBUE,,,,,,,,,,,,,,,,,,,,,,,,,,,,,,,,,,
69,VAST,CAST,FAST,LAST,PAST,CONTRAST,OUTCAST,FORECAST,BROADCAST,,,,,,,,,,,,,,,,,,,,,,,,,,,,,,,,,,
70,VOICE,CHOICE,REJOICE,NOISE,POISE,INVOICE,,,,,,,,,,,,,,,,,,,,,,,,,,,,,,,,,,,,,
71,VINE,LINE,MINE,SHINE,DINE,REFINE,DEFINE,RECLINE,COMBINE,,,,,,,,,,,,,,,,,,,,,,,,,,,,,,,,,,
72,WALK,TALK,CHALK,STALK,BALK,SLEEPWALK,BOARDWALK,MOONWALK,OVERTALK,,,,,,,,,,,,,,,,,,,,,,,,,,,,,,,,,,
73,WILD,CHILD,MILD,STYLED,PILED,BEGUILED,COMPILED,REVILED,RECONCILED,,,,,,,,,,,,,,,,,,,,,,,,,,,,,,,,,,
85,WISH,DISH,FISH,SWISH,FINISH,RELISH,SELFISH,LAVISH,OUTLANDISH,,,,,,,,,,,,,,,,,,,,,,,,,,,,,,,,,,
38,WIND,BIND,FIND,KIND,MIND,UNWIND,REFINED,ALIGNED,DESIGNED,,,,,,,,,,,,,,,,,,,,,,,,,,,,,,,,,,
74,BOX,FOX,LOCKS,ROCKS,SOCKS,PARADOX,ORTHODOX,EQUINOX,UNBOX,,,,,,,,,,,,,,,,,,,,,,,,,,,,,,,,,,
75,FLEX,HEX,NEXT,TEXT,VEX,COMPLEX,REFLEX,ANNEX,CONVEX,,,,,,,,,,,,,,,,,,,,,,,,,,,,,,,,,,
76,FIX,MIX,SIX,TRICKS,STICKS,TRANSFIX,AFFIX,PREFIX,BETWIXT,,,,,,,,,,,,,,,,,,,,,,,,,,,,,,,,,,
77,WAX,AXE,MAX,TRACKS,PACKS,RELAX,PARALLAX,SYNTAX,CLIMAX,,,,,,,,,,,,,,,,,,,,,,,,,,,,,,,,,,
13,YEAR,CHEER,DEAR,FEAR,NEAR,REVERE,ENGINEER,SINCERE,PREMIER,,,,,,,,,,,,,,,,,,,,,,,,,,,,,,,,,,
79,YELL,BELL,FELL,SELL,TELL,COMPEL,DISPEL,FORETELL,REPEL,,,,,,,,,,,,,,,,,,,,,,,,,,,,,,,,,,
80,YOUNG,SUNG,FLUNG,HUNG,LUNG,AMONG,OUTRUNG,OVERHUNG,UNSUNG,,,,,,,,,,,,,,,,,,,,,,,,,,,,,,,,,,
81,YIELD,FIELD,SHIELD,SEALED,WHEELED,CONCEALED,REVEALED,UNSEALED,HEALED,,,,,,,,,,,,,,,,,,,,,,,,,,,,,,,,,,
62,ZONE,BONE,CONE,LOAN,PHONE,OVERTHROWN,ALONE,DRONE,GROAN,,,,,,,,,,,,,,,,,,,,,,,,,,,,,,,,,,
82,ZOOM,BLOOM,BOOM,ROOM,GROOM,MUSHROOM,COSTUME,BALLROOM,PERFUME,,,,,,,,,,,,,,,,,,,,,,,,,,,,,,,,,,
83,ZEST,BEST,CHEST,REST,TEST,INVEST,DIGEST,ARREST,MANIFEST,,,,,,,,,,,,,,,,,,,,,,,,,,,,,,,,,,
84,ZERO,HERO,NERO,SUBZERO,MERO,NONZERO,GROUNDZERO,SOMBRERO,BOLERO,,,,,,,,,,,,,,,,,,,,,,,,,,,,,,,,,,
45,YOU,BLUE,CREW,FLEW,GLUE,HUE,NEW,QUEUE,SHOE,SUE,THROUGH,VIEW,RENEW,PURSUE,CHEW,IMBUE,ENSUE,ACCRUE,CONSTRUE,RENEW,MISCONSTRUE,,,,,,,,,,,,,,,,,,,,,,
10,ME,BE,DEGREE,FLEE,GLEE,KEY,LEE,THEE,FREE,PLEA,KNEE,TEE,SEA,SPREE,HE,SHE,ME,PEA,WE,SKI,,,,,,,,,,,,,,,,,,,,,,,
72,LOVE,DOVE,ABOVE,THEREOF,SHOVE,GLOVE,MOVE,PROVE,REMOVE,APPROVE,DISAPPROVE,GROOVE,BEHOVE,BEHOOVE,CLOVE,,,,,,,,,,,,,,,,,,,,,,,,,,,,
12,TIME,CHIME,CLIMB,GRIME,MIME,PRIME,SHINE,SUBPRIME,THYME,LIME,RHYME,CRIME,CHIME,MIME,CLIME,GRIME,CHIME,SLANTRHYME,PASTIME,DAYTIME,ANYTIME,NOTIME,,,,,,,,,,,,,,,,,,,,,
90,LIFE,KNIFE,STRIFE,WIFE,FIFE,RIFE,HIFE,TIFF,JIFF,MIFF,NIFF,PIFF,SIFF,SNIFF,STIFF,WIFF,YIFF,WIFE,,,,,,,,,,,,,,,,,,,,,,,,,
49,DAY,PAY,SAY,LAY,BAY,WAY,PLAY,SLAY,GREY,SPRAY,STAY,DISPLAY,DECAY,DELAY,WEIGH,ARRAY,CONVEY,,,,,,,,,,,,,,,,,,,,,,,,,,
66,UP,CUP,PUP,HUP,SUP,YUP,DUP,GUP,JUP,LUP,NUP,RUP,SCHRUP,TUP,STUP,WUP,ZUP,,,,,,,,,,,,,,,,,,,,,,,,,,
92,WORLD,FURLED,TWIRLED,UNFURLED,UNFURLED,CURLED,SWIRLED,UNFURLED,HURLED,UNFURLED,UNFURLED,,,,,,,,,,,,,,,,,,,,,,,,,,,,,,,,
93,MONTH,BLUNT,FRONT,HUNT,PUNT,RUNT,STUNT,UNT,GAUNT,HAUNT,JAUNT,TAUNT,VAUNT,DAUNT,,,,,,,,,,,,,,,,,,,,,,,,,,,,,
27,HEART,ART,START,SMART,APART,DEPART,IMPART,CART,DART,HART,QUART,CHART,HEART,,,,,,,,,,,,,,,,,,,,,,,,,,,,,,
62,ONE,DONE,GONE,STONE,BONE,CONE,LONE,NONE,SHONE,TONE,PRONE,BLOWN,MOAN,GROAN,FLOWN,OWN,,,,,,,,,,,,,,,,,,,,,,,,,,,
94,HOME,COMB,DOME,FOAM,GNOME,GNAW,HOE,LOAM,ROAM,DOME,SEWN,SHOWN,STONE,THROWN,FLOWN,KNOWN,,,,,,,,,,,,,,,,,,,,,,,,,,,
95,IT,BIT,FIT,HIT,KNIT,LIT,PIT,QUIT,SIT,SLIT,SPIT,SUBMIT,SPLIT,WIT,KIT,NIT,,,,,,,,,,,,,,,,,,,,,,,,,,,
96,FRIENDS,TRENDS,ENDS,BENDS,BLENDS,LENDS,SENDS,EXTENDS,ATTENDS,COMPREHENDS,COMPREHENDS,DEFENDS,DEPENDS,OFFENDS,PRETENDS,COMPREHENDS,TRANSCENDS,AMENDS,,,,,,,,,,,,,,,,,,,,,,,,,
57,AGAIN,TRAIN,DRAIN,GAIN,REFRAIN,MAINTAIN,OBTAIN,EXPLAIN,CONTAIN,SUSTAIN,ENTERTAIN,DETAIN,CAMPAIGN,FEIGN,DISDAIN,ORDAIN,PANE,,,,,,,,,,,,,,,,,,,,,,,,,,
96,FUN,GUN,BUN,DONE,NONE,STUN,TON,BEGUN,NUN,SHUN,SPUN,RUN,,,,,,,,,,,,,,,,,,,,,,,,,,,,,,,
87,GO,FLOW,GROW,KNOW,LOW,MOW,NO,SHOW,SLOW,THROW,TOE,TOW,BLOW,CROW,GLOW,HOE,OVERFLOW,,,,,,,,,,,,,,,,,,,,,,,,,,
97,BACK,JACK,PACK,TACK,QUACK,RACK,STACK,TACK,WHACK,HACK,KNACK,ATTACK,,,,,,,,,,,,,,,,,,,,,,,,,,,,,,,
47,OUT,SCOUT,WITHOUT,ABOUT,THROUGHOUT,DEVOUT,DEVOUTLY,SPROUT,TROUT,TOUT,LOUT,STOUT,ROUT,SHOUT,ROUTE,FLOUT,GOUT,SPOUT,POUT,DROUGHT,HICCOUGH,BUYOUT,SELLOUT,BLACKOUT,WORKOUT,TURNABOUT,REDOUBT,READOUT,LAYABOUT,HANGOUT,DROPOUT,BREAKOUT,BAILOUT,,,,,,,,,,
49,WAY,DAY,DELAY,DISPLAY,ESSAY,GRAY,HAY,HEY,HOLIDAY,OKAY,PAY,PLAY,PRAY,PREY,QUAY,RELAY,REPAY,SAY,SPRAY,STAY,STRAY,SWAY,THEY,TRAY,WAY,WEIGH,,,,,,,,,,,,,,,,,
16,DREAM,STREAM,SEEM,SCHEME,GLEAM,CREAM,EXTREME,DREAM,BEAM,THEME,TEEM,SEAM,STREAM,,,,,,,,,,,,,,,,,,,,,,,,,,,,,,
98,EASY,BREEZY,CHEESY,DIZZY,GREASY,QUEASY,SLEEZY,SQUEEZEY,WHEEZY,BREEZILY,SLEAZY,SLEAZILY,SQUEEZY,,,,,,,,,,,,,,,,,,,,,,,,,,,,,,
99,EYES,FLIES,GUYS,LIES,PIES,SKIES,SPIES,TIES,VIES,WISE,BUYS,DIES,TRIES,REPLIES,DENIES,SUPPLIES,,,,,,,,,,,,,,,,,,,,,,,,,,,
45,BLUE,CHEW,DEW,DREW,GLUE,HUE,NEW,QUEUE,SHOE,TRUE,,,,,,,,,,,,,,,,,,,,,,,,,,,,,,,,,
100,DOWN,CLOWN,CROWN,DROWN,FROWN,GOWN,HOUND,NOUN,NOUNS,PRONOUN,POUND,RENOWN,ROUND,TOWN,,,,,,,,,,,,,,,,,,,,,,,,,,,,,
5,NIGHT,BRIGHT,FIGHT,FLIGHT,HEIGHT,KNIGHT,RIGHT,SIGHT,,,,,,,,,,,,,,,,,,,,,,,,,,,,,,,,,,,
102,CAT,BAT,CHAT,FAT,FLAT,HAT,MAT,PAT,RAT,SAT,TAT,VAT,THAT,GNAT,HABITAT,,,,,,,,,,,,,,,,,,,,,,,,,,,,
103,GOOD,SHOULD,WOOD,HOOD,UNDERSTOOD,WOULD,COULD,STOOD,,,,,,,,,,,,,,,,,,,,,,,,,,,,,,,,,,,
45,DO,BLUE,CHEW,CREW,DEEM,DUE,FLU,GLUE,HEW,HUE,KNEW,LEW,LIEU,MEW,NEW,PEW,QUEUE,RUE,SEW,SHOE,SKEW,SLUE,STEW,SUE,THROUGH,TRUE,VIEW,VIRTUE,WOO,YOU,,,,,,,,,,,,,
104,MORE,FLOOR,GALORE,SHORE,SNORE,STORE,BEFORE,ADORE,BORE,CHORE,CORE,DOOR,GALORE,IGNORE,OAR,RESTORE,SCORE,SORE,TOUR,WAR,YORE,,,,,,,,,,,,,,,,,,,,,,
38,MIND,LINED,BIND,RIND,SIGNED,UNREFINED,ENSHRINED,FIND,KIND,BLIND,GRIND,WIND,SIGNED,INTERTWINED,DESIGNED,REFINED,INTERTWINED,,,,,,,,,,,,,,,,,,,,,,,,,,
8,END,BEND,BLEND,BEFRIEND,EXPEND,EXTEND,FEND,FRIEND,LEND,MEND,OFFEND,REND,SEND,SPEND,TEND,WEND,COMPREHEND,COMPREHENDED,TRANSCENDED,APPENDED,ATTENDED,EXTENDED,PRETENDED,RECOMMENDED,SUSPENDED,OFFENDED,BEFRIENDED,AMENDED,,,,,,,,,,,,,,,
105,WORK,BIRK,CLERKED,CLERKING,CORK,DIRK,FIRKIN,FORK,IRK,PERK,PORK,QUIRK,SHIRK,SMIRK,STORK,TORQUE,,,,,,,,,,,,,,,,,,,,,,,,,,,
26,FACE,ACE,BASE,BRACE,CASE,CHASE,DEBASE,DISGRACE,EMBRACE,ERASE,GRACE,LACE,PACE,PLACE,RACE,REPLACE,SPACE,TRACE,VASE,,,,,,,,,,,,,,,,,,,,,,,,
62,ALONE,CLONE,CONE,DRONE,FLOWN,GROAN,MOAN,OWN,PHONE,STONE,THROWN,ZONE,,,,,,,,,,,,,,,,,,,,,,,,,,,,,,,
37,THING,BEING,FLING,KING,RING,SING,SLING,SPRING,STRING,SWINGING,WING,WRING,CLING,DINGING,JINGLING,MINGLING,RINGING,STINGING,WINGING,SWING,STING,,,,,,,,,,,,,,,,,,,,,,
45,TWO,BLUE,CHEW,DEW,QUEUE,SHOE,DO,WHO,CLUE,TRUE,FLEW,GREW,STEW,GLUE,,,,,,,,,,,,,,,,,,,,,,,,,,,,,
49,AWAY,SWAY,DECAY,STRAY,RELAY,ARRAY,PLAY,DELAY,WEIGH,DISPLAY,CONVEY,FRAYS,GRAY,HAY,PORTRAY,PRAYS,QUELL,REPEL,STAY,ALLAY,ASSAY,BEWRAY,DECAY,DISPLAY,DISARRAY,ESSAY,MISSAY,OKAY,OVERPLAY,PORTRAY,PREPLAY,PURVEY,RELAY,REPLAY,REPOSE,REPRISE,RESELL,RESEW,SWAY,TODAY,UNDERLAY,UPSET,WAY
106,HOUSE,BLOUSE,DOUSE,MOUSE,SPOUSE,,,,,,,,,,,,,,,,,,,,,,,,,,,,,,,,,,,,,,
107,ON,CON,DAWN,DON,FAWN,,,,,,,,,,,,,,,,,,,,,,,,,,,,,,,,,,,,,,
989,NOW,VOW,HOW,PLOW,COW,WOW,PROW,SCOW,SOW,AVOW,BROW,,,,,,,,,,,,,,,,,,,,,,,,,,,,,,,,
110,BE,SEE,FEE,KEY,TREE,,,,,,,,,,,,,,,,,,,,,,,,,,,,,,,,,,,,,,
82,ROOM,BLOOM,BROOM,GROOM,TOMB,,,,,,,,,,,,,,,,,,,,,,,,,,,,,,,,,,,,,,
71,MINE,FINE,SHINE,SPINE,WINE,,,,,,,,,,,,,,,,,,,,,,,,,,,,,,,,,,,,,,
48,OVER,CLOVER,DOVER,HOVER,ROVER,,,,,,,,,,,,,,,,,,,,,,,,,,,,,,,,,,,,,,
33,JOY,BOY,EMPLOY,SOY,TOY,,,,,,,,,,,,,,,,,,,,,,,,,,,,,,,,,,,,,,
111,COUGH,SLOUGH,TROUGH,,,,,,,,,,,,,,,,,,,,,,,,,,,,,,,,,,,,,,,,
991,TOUGH,ROUGH,ENOUGH,,,,,,,,,,,,,,,,,,,,,,,,,,,,,,,,,,,,,,,,
992,THROUGH,BREAKTHROUGH,,,,,,,,,,,,,,,,,,,,,,,,,,,,,,,,,,,,,,,,,
993,BOROUGH,THOUGH,DOUGH,ALTHOUGH,FURLOUGH,,,,,,,,,,,,,,,,,,,,,,,,,,,,,,,,,,,,,,
112,DARK,PARK,STARK,BARK,SHARK,,,,,,,,,,,,,,,,,,,,,,,,,,,,,,,,,,,,,,
7,FALL,BALL,CALL,MALL,SMALL,,,,,,,,,,,,,,,,,,,,,,,,,,,,,,,,,,,,,,
110,TREE,DEGREE,FLEE,GLEE,KEY,,,,,,,,,,,,,,,,,,,,,,,,,,,,,,,,,,,,,,
995,GONE,FORGONE,UNDERGONE,,,,,,,,,,,,,,,,,,,,,,,,,,,,,,,,,,,,,,,,
114,CONE,STONE,TONE,,,,,,,,,,,,,,,,,,,,,,,,,,,,,,,,,,,,,,,,
13,HERE,CLEAR,DEER,GEAR,TEAR,,,,,,,,,,,,,,,,,,,,,,,,,,,,,,,,,,,,,,
55,BEST,REST,TEST,ZEST,,,,,,,,,,,,,,,,,,,,,,,,,,,,,,,,,,,,,,,
996,WORD,BLURRED,THIRD,,,,,,,,,,,,,,,,,,,,,,,,,,,,,,,,,,,,,,,,
110,SEE,BE,KEY,TREE,,,,,,,,,,,,,,,,,,,,,,,,,,,,,,,,,,,,,,,
5,LIGHT,BRIGHT,FIGHT,FLIGHT,HEIGHT,KNIGHT,,,,,,,,,,,,,,,,,,,,,,,,,,,,,,,,,,,,,
117,SOUL,BOWL,CAJOLE,GOAL,ROLE,HOLE,WHOLE,DOLE,POLE,ROLE,TOLL,KNOLL,,,,,,,,,,,,,,,,,,,,,,,,,,,,,,,
118,DOG,BOG,CLOG,FOG,JOG,LOG,,,,,,,,,,,,,,,,,,,,,,,,,,,,,,,,,,,,,
60,SKY,HIGH,BY,DIE,LIE,,,,,,,,,,,,,,,,,,,,,,,,,,,,,,,,,,,,,,
113,BETTER,FETTER,LETTER,SETTER,,,,,,,,,,,,,,,,,,,,,,,,,,,,,,,,,,,,,,,
997,PURPLE,BURBLE,CIRCLE,HURDLE,,,,,,,,,,,,,,,,,,,,,,,,,,,,,,,,,,,,,,,
1,CARE,BARE,FARE,STARE,WEAR,,,,,,,,,,,,,,,,,,,,,,,,,,,,,,,,,,,,,,
96,SUN,BUN,FUN,RUN,TON,,,,,,,,,,,,,,,,,,,,,,,,,,,,,,,,,,,,,,
5,RIGHT,BITE,FIGHT,HEIGHT,KNIGHT,NIGHT,,,,,,,,,,,,,,,,,,,,,,,,,,,,,,,,,,,,,
998,KNOW,BLOW,GLOW,SHOW,,,,,,,,,,,,,,,,,,,,,,,,,,,,,,,,,,,,,,,
32,SPECIAL,CAPITAL,FUNERAL,HOSPITAL,,,,,,,,,,,,,,,,,,,,,,,,,,,,,,,,,,,,,,,
119,HARD,BARD,CARD,YARD,,,,,,,,,,,,,,,,,,,,,,,,,,,,,,,,,,,,,,,
24,GAME,AIM,BLAME,FAME,,,,,,,,,,,,,,,,,,,,,,,,,,,,,,,,,,,,,,,
120,US,PLUS,TRUST,MUST,,,,,,,,,,,,,,,,,,,,,,,,,,,,,,,,,,,,,,,
121,HER,BLUR,PURR,SIR,,,,,,,,,,,,,,,,,,,,,,,,,,,,,,,,,,,,,,,
26,PLACE,BRACE,RACE,SPACE,,,,,,,,,,,,,,,,,,,,,,,,,,,,,,,,,,,,,,,
999,FIVE,ALIVE,ARRIVE,DIVE,,,,,,,,,,,,,,,,,,,,,,,,,,,,,,,,,,,,,,,
49,PLAY,BAY,LAY,MAY,SAY,,,,,,,,,,,,,,,,,,,,,,,,,,,,,,,,,,,,,,
13,YEAR,CLEAR,DEAR,PEER,,,,,,,,,,,,,,,,,,,,,,,,,,,,,,,,,,,,,,,
110,THREE,FREE,GLEE,KEY,,,,,,,,,,,,,,,,,,,,,,,,,,,,,,,,,,,,,,,
61,CAR,BAR,FAR,STAR,,,,,,,,,,,,,,,,,,,,,,,,,,,,,,,,,,,,,,,
123,CHANGE,ARRANGE,DERANGE,STRANGE,,,,,,,,,,,,,,,,,,,,,,,,,,,,,,,,,,,,,,,
21,FIRE,MIRE,SIRE,SPIRE,,,,,,,,,,,,,,,,,,,,,,,,,,,,,,,,,,,,,,,
988,THEM,GEM,HEM,STEM,,,,,,,,,,,,,,,,,,,,,,,,,,,,,,,,,,,,,,,
54,GREEN,KEEN,MEAN,SCREEN,,,,,,,,,,,,,,,,,,,,,,,,,,,,,,,,,,,,,,,
987,BED,LED,SAID,WED,,,,,,,,,,,,,,,,,,,,,,,,,,,,,,,,,,,,,,,
124,CARES,PAIRS,SHARES,FARES,GLARES,STARES,WARES,FLARES,SNARES,SQUARES,TARES,,,,,,,,,,,,,,,,,,,,,,,,,,,,,,,,
125,GENERATION,CREATION,TEMPTATION,IMAGINATION,FASCINATION,VENERATION,CONTEMPLATION,EXALTATION,ABERRATION,ANIMATION,VENERATION,,,,,,,,,,,,,,,,,,,,,,,,,,,,,,,,
110,FREE,TREE,SEE,BE,ME,FLEE,GLEE,LEE,PEE,KEY,SPREE,,,,,,,,,,,,,,,,,,,,,,,,,,,,,,,,
126,CRAZY,LAZY,HAZY,DAISY,CRAZY,,,,,,,,,,,,,,,,,,,,,,,,,,,,,,,,,,,,,,
98,FAMILY,VANITY,SANITY,BANALITY,CALAMITY,FORMALITY,NEUTRALITY,REALITY,PRODIGALITY,INTEGRITY,NATIONALITY,,,,,,,,,,,,,,,,,,,,,,,,,,,,,,,,
986,DONE,TON,NONE,SWAN,,,,,,,,,,,,,,,,,,,,,,,,,,,,,,,,,,,,,,,
57,PAIN,BRAIN,CHAIN,DRAIN,GAIN,GRAIN,LANE,MAIN,PAIN,PLAIN,SPAIN,TRAIN,WANE,RAIN,VAIN,,,,,,,,,,,,,,,,,,,,,,,,,,,,
57,RAIN,TRAIN,DRAIN,GRAIN,PAIN,SPAIN,REGAIN,SUSTAIN,DOMAIN,RETAIN,EXPLAIN,,,,,,,,,,,,,,,,,,,,,,,,,,,,,,,,
127,RAP,LAP,TAP,CAP,MAP,FLAP,TRAP,SAP,SNAP,GAP,,,,,,,,,,,,,,,,,,,,,,,,,,,,,,,,,
985,SKY,TRY,FLY,BY,MY,SHY,DRY,HI,LIE,BUY,HIGH,,,,,,,,,,,,,,,,,,,,,,,,,,,,,,,,
128,LIGHTS,NIGHTS,FLIGHTS,HEIGHTS,SIGHTS,RIGHTS,DELIGHTS,SATELLITES,REQUITES,IGNITES,FRIGHTS,,,,,,,,,,,,,,,,,,,,,,,,,,,,,,,,
4,NAME,FAME,SHAME,BLAME,GAME,AIM,TAME,MAIM,CLAIM,SAME,FLAME,,,,,,,,,,,,,,,,,,,,,,,,,,,,,,,,
129,CHUFF,FLUFF,BLUFF,STUFF,HUFF,PUFF,SNUFF,,,,,,,,,,,,,,,,,,,,,,,,,,,,,,,,,,,,
104,DOOR,FLOOR,STORE,BORE,MORE,SHORE,ROAR,POUR,BEFORE,ADORE,DEPLORE,,,,,,,,,,,,,,,,,,,,,,,,,,,,,,,,
114,ALONE,BONE,STONE,CONE,PHONE,TONE,KNOWN,PRONE,FLOWN,SHOWN,GROWN,,,,,,,,,,,,,,,,,,,,,,,,,,,,,,,,
61,STAR,BAR,CAR,FAR,ARE,TAR,SCAR,CIGAR,GUITAR,RADAR,BAZAAR,,,,,,,,,,,,,,,,,,,,,,,,,,,,,,,,
130,SMILES,MILES,PILES,STYLES,TILES,FILES,AISLES,GUILES,PROFILES,REVILES,VILES,,,,,,,,,,,,,,,,,,,,,,,,,,,,,,,,
131,WORKS,LURKS,PERKS,IRKS,QUIRKS,JERKS,BURKS,SHIRKS,TURKS,SMIRKS,QUIRKS,,,,,,,,,,,,,,,,,,,,,,,,,,,,,,,,
132,SMILE,MILE,FILE,STYLE,TILE,AISLE,GUILE,PROFILE,REVILE,PILE,VILE,WHILE,,,,,,,,,,,,,,,,,,,,,,,,,,,,,,,
133,HEADED,BEDDED,EMBEDDED,WEDDED,EMBEDDED,POTTED,DOTTED,PLOTTED,TROTTED,KNOTTED,JOTTED,,,,,,,,,,,,,,,,,,,,,,,,,,,,,,,,
61,STAR,BAR,CAR,FAR,JAR,TAR,BAZAAR,CIGAR,SCHLAR,SUPERSTAR,,,,,,,,,,,,,,,,,,,,,,,,,,,,,,,,,
106,HOUSE,MOUSE,GROUSE,SPOUSE,DOUSE,BLOUSE,BROWSE,AROUSE,CAROUSE,SOUSE,,,,,,,,,,,,,,,,,,,,,,,,,,,,,,,,,
103,GOOD,WOOD,SHOULD,COULD,WOULD,HOOD,STOOD,STOOD,UNDERSTOOD,,,,,,,,,,,,,,,,,,,,,,,,,,,,,,,,,,
134,THINGS,RINGS,SINGS,KINGS,WINGS,BRINGS,STRINGS,SPRINGS,SWINGS,STINGS,TINGS,,,,,,,,,,,,,,,,,,,,,,,,,,,,,,,,
984,HEAD,BED,WED,LED,SAID,SHED,READ,SPREAD,INSTEAD,AHEAD,RED,DEAD,,,,,,,,,,,,,,,,,,,,,,,,,,,,,,,
64,ALL,BALL,MALL,FALL,SMALL,HALL,CALL,WALL,CRAWL,RECALL,OVERALL,,,,,,,,,,,,,,,,,,,,,,,,,,,,,,,,
135,WORKING,SMIRKING,JERKING,LURKING,IRKING,SMIRKING,SHIRKING,SMIRKING,BURKING,SMIRKING,QUIRKS,,,,,,,,,,,,,,,,,,,,,,,,,,,,,,,,
73,SMILED,PILED,FILED,STYLED,TILED,AISLED,GUILED,PROFILED,REVILED,COMPILED,DIALED,,,,,,,,,,,,,,,,,,,,,,,,,,,,,,,,
136,MAN,CAN,FAN,PAN,TAN,BAN,RAN,VAN,AN,THAN,CLAN,,,,,,,,,,,,,,,,,,,,,,,,,,,,,,,,
137,MINDS,FINDS,KINDS,BLINDS,GRINDS,WINDS,SIGNED,INTERTWINED,DESIGNED,REFINED,INTERTWINED,,,,,,,,,,,,,,,,,,,,,,,,,,,,,,,,
37,SMILING,PILING,FILING,STYLING,TILING,AISLING,GUILING,PROFILING,REVILING,COMPILING,DIALING,,,,,,,,,,,,,,,,,,,,,,,,,,,,,,,,
105,WORK,LURK,PERK,IRK,QUIRK,JERK,BURK,SHIRK,TURK,SMIRK,QUIRK,,,,,,,,,,,,,,,,,,,,,,,,,,,,,,,,
104,MORE,BORE,STORE,SHORE,ROAR,POUR,BEFORE,ADORE,DEPLORE,RESTORE,IMPLORE,,,,,,,,,,,,,,,,,,,,,,,,,,,,,,,,
49,AWAY,STAY,PLAY,SAY,SLAY,STRAY,WAY,MAY,DAY,BAY,LAY,,,,,,,,,,,,,,,,,,,,,,,,,,,,,,,,
107,DRAWN,LAWN,DAWN,FAWN,BRAUN,,,,,,,,,,,,,,,,,,,,,,,,,,,,,,,,,,,,,,
138,BLUES,NEWS,VIEWS,QUEUES,DUES,SHOES,QUEUES,CLUES,BLUES,ENSUES,OOS,,,,,,,,,,,,,,,,,,,,,,,,,,,,,,,,
139,DREAMS,BEAMS,SEEMS,THEMES,SCHEMES,STREAMS,GLEAMS,SCREAMS,TEEMS,BEAMS,EXTREMES,,,,,,,,,,,,,,,,,,,,,,,,,,,,,,,,
142,WORKED,SMIRKED,JERKED,LURKED,IRKED,SMIRKED,SHIRKED,SMIRKED,BURKED,SMIRKED,QUIRKS,,,,,,,,,,,,,,,,,,,,,,,,,,,,,,,,
26,FACE,LACE,RACE,PLACE,BASE,CASE,GRACE,BRACE,TRACE,PACE,DEFACE,,,,,,,,,,,,,,,,,,,,,,,,,,,,,,,,
983,WIND,SINNED,SKINNED,PINNED,THINNED,TINNED,BINNED,,,,,,,,,,,,,,,,,,,,,,,,,,,,,,,,,,,,
143,DO,TO,,,,,,,,,,,,,,,,,,,,,,,,,,,,,,,,,,,,,,,,,
87,GO,SO,NO,SHOW,GROW,KNOW,THROW,MOW,BLOW,FLOW,,,,,,,,,,,,,,,,,,,,,,,,,,,,,,,,,
38,MIND,FIND,KIND,BLIND,GRIND,,SIGNED,INTERTWINED,DESIGNED,REFINED,INTERTWINED,,,,,,,,,,,,,,,,,,,,,,,,,,,,,,,,
61,FAR,ARE,TAR,SCAR,CIGAR,GUITAR,RADAR,BAZAAR,,,,,,,,,,,,,,,,,,,,,,,,,,,,,,,,,,,
8,END,BEND,SEND,BLEND,TEND,FEND,SPEND,REND,DEPEND,PRETEND,ATTEND,,,,,,,,,,,,,,,,,,,,,,,,,,,,,,,,
62,DOWN,CROWN,DROWN,GOWN,BROWN,CLOWN,TOWN,FROWN,GOWN,NOUN,RENOWN,,,,,,,,,,,,,,,,,,,,,,,,,,,,,,,,
37,DREAMING,STREAMING,SEEMING,SCHEMING,GLEAMING,CREAM,EXTREME,DREAMING,BEAMING,THEME,TEEMING,,,,,,,,,,,,,,,,,,,,,,,,,,,,,,,,
128,NIGHTS,LIGHTS,FLIGHTS,HEIGHTS,SIGHTS,RIGHTS,DELIGHTS,SATELLITES,REQUITES,IGNITE,FRIGHT,,,,,,,,,,,,,,,,,,,,,,,,,,,,,,,,
60,EYE,BY,MY,FLY,HIGH,SHY,TRY,DRY,HI,LIE,BUY,,,,,,,,,,,,,,,,,,,,,,,,,,,,,,,,
144,WAYS,DAYS,PLAYS,SAYS,SLAYS,STRAYS,HAZE,MAISE,PHASE,LAZE,MAYZE,RAISE,LIAISE,,,,,,,,,,,,,,,,,,,,,,,,,,,,,,
98,EASY,BUSY,DIZZY,FIZZY,LAZY,HAZY,DAISY,CRAZY,SLEAZY,WHEEZY,MISTY,,,,,,,,,,,,,,,,,,,,,,,,,,,,,,,,
145,DOWNS,CROWNS,DROWNS,GOWNS,BROWNS,CLOWNS,TOWNS,FROWNS,NOUNS,RENOWNS,DOWNS,CLOWNS,,,,,,,,,,,,,,,,,,,,,,,,,,,,,,,
114,BONE,STONE,CONE,PHONE,TONE,KNOWN,PRONE,FLOWN,SHOWN,GROWN,,,,,,,,,,,,,,,,,,,,,,,,,,,,,,,,,
146,FRIENDSHIP,FELLOWSHIP,OWNERSHIP,PARTNERSHIP,LEADERSHIP,STEWARDSHIP,MEMBERSHIP,APPRENTICESHIP,GUARDIANSHIP,,BROTHERHOOD,,,,,,,,,,,,,,,,,,,,,,,,,,,,,,,,
8,NIGHT,LIGHT,FLIGHT,HEIGHT,SIGHT,RIGHT,DELIGHT,SATELLITE,REQUITE,IGNITE,FRIGHT,,,,,,,,,,,,,,,,,,,,,,,,,,,,,,,,
147,DREAMED,STREAMED,SEEMED,SCHEMED,GLEAMED,CREAMED,EXTREME,DREAMED,BEAMED,THEMED,TEEMED,,,,,,,,,,,,,,,,,,,,,,,,,,,,,,,,
45,BLUE,TRUE,NEW,DO,WHO,SHOE,CLUE,FLEW,GREW,STEW,GLUE,KNEW,,,,,,,,,,,,,,,,,,,,,,,,,,,,,,,
148,OUGHT,THOUGHT,FORT,FOUGHT,NOUGHT,SPORT,SKORT,,,,,,,,,,,,,,,,,,,,,,,,,,,,,,,,,,,,
47,WITHOUT,SCOUT,THROUGHOUT,DROUGHT,TOUT,POUT,,,,,,,,,,,,,,,,,,,,,,,,,,,,,,,,,,,,,
149,TONES,BONES,STONES,DRONES,CONES,PHONES,,,,,,,,,,,,,,,,,,,,,,,,,,,,,,,,,,,,,
150,FUNNY,BUNNY,MONEY,HONEY,SUNNY,TUNNY,,,,,,,,,,,,,,,,,,,,,,,,,,,,,,,,,,,,,
108,GOES,THOSE,FOES,HOSE,CHOSE,DOZE,,,,,,,,,,,,,,,,,,,,,,,,,,,,,,,,,,,,,
152,FRIENDS,BENDS,ENDS,BLENDS,SENDS,DEFENDS,,,,,,,,,,,,,,,,,,,,,,,,,,,,,,,,,,,,,
37,GOING,SHOWING,KNOWING,ROWING,SOWING,MOWING,,,,,,,,,,,,,,,,,,,,,,,,,,,,,,,,,,,,,
133,HEARTED,SMARTED,STARTED,,,,,,,,,,,,,,,,,,,,,,,,,,,,,,,,,,,,,,,,
77,BACKS,CRACKS,TRACKS,PACKS,LACKS,BACKS,,,,,,,,,,,,,,,,,,,,,,,,,,,,,,,,,,,,,
57,AGAIN,DRAIN,PAIN,REGAIN,ABSTAIN,,,,,,,,,,,,,,,,,,,,,,,,,,,,,,,,,,,,,,
95,IT,HIT,KIT,LIT,PIT,BIT,KNIT,FIT,,,,,,,,,,,,,,,,,,,,,,,,,,,,,,,,,,,
97,BACK,RACK,TRACK,PACK,ATTACK,,,,,,,,,,,,,,,,,,,,,,,,,,,,,,,,,,,,,,
19,FRIEND,END,BEND,LEND,FEND,SEND,DEFEND,,,,,,,,,,,,,,,,,,,,,,,,,,,,,,,,,,,,
