WORDIDX,THEWORD,SYLCNT,FOOT,WORDTYPE,FEET,BEATCNT
1,AARDVARK,2,1-2,NOUN,iambic,1
2,A,1,0,DETERMINER,none,0
7,ABACK,2,0-1,ADVERB,iambic,1
9,ABACUS,3,1-0-0,NOUN,trochaic,1
14,ABALONE,4,2-0-1-0,NOUN,dactylic,1
16,ABANDON,3,0-1-0,NOUN,anapestic,1
17,ABANDONED,3,0-1-0,ADJECTIVE,anapestic,1
18,ABANDONMENT,4,0-1-0-0,NOUN,anapestic,1
23,ABASH,2,0-1,VERB,iambic,1
24,ABASHED,2,0-1,ADJECTIVE,iambic,1
26,ABASIA,3,0-1-0,NOUN,anapestic,1
28,ABATE,2,0-1,VERB,iambic,1
29,ABATEMENT,3,0-1-0,NOUN,anapestic,1
30,ABATING,3,0-1-0,VERB,anapestic,1
34,ABATTOIR,3,2-0-1,NOUN,dactylic,1
36,ABBA,2,1-0,NOUN,trochaic,1
41,ABBE,2,1-0,NOUN,trochaic,1
43,ABBEY,2,1-0,NOUN,trochaic,1
44,ABBOT,2,1-0,NOUN,trochaic,1
45,ABBREVIATE,4,0-1-0-2,VERB,iambic,1
46,ABBREVIATED,5,0-1-0-2-0,ADJECTIVE,iambic,1
47,ABBREVIATION,5,0-2-0-1-0,NOUN,dactylic,1
55,ABDICATE,3,1-0-2,VERB,iambic,1
56,ABDICATION,4,2-0-1-0,NOUN,dactylic,1
60,ABDOMEN,3,0-1-0,NOUN,anapestic,1
61,ABDOMINAL,4,0-1-0-0,NOUN,anapestic,1
70,ABDUCT,2,0-1,VERB,iambic,1
71,ABDUCTION,3,0-1-0,NOUN,anapestic,1
73,ABDUCTOR,3,0-1-0,NOUN,anapestic,1
78,ABED,2,0-1,ADVERB,iambic,1
79,ABEL,2,1-0,NOUN,trochaic,1
85,ABERDEEN,3,1-0-2,NOUN,iambic,1
88,ABERRANT,3,0-1-0,NOUN,anapestic,1
89,ABERRATION,4,2-0-1-0,NOUN,dactylic,1
91,ABET,2,0-1,VERB,iambic,1
96,ABEYANCE,3,0-1-0,NOUN,anapestic,1
100,ABHOR,2,0-1,VERB,iambic,1
101,ABHORRENCE,3,0-1-0,NOUN,anapestic,1
102,ABHORRENT,3,0-1-0,ADJECTIVE,anapestic,1
106,ABIDE,2,0-1,VERB,iambic,1
107,ABIDING,3,0-1-0,ADJECTIVE,anapestic,1
108,ABIDJAN,3,0-0-1,NOUN,anapestic,1
114,ABILITIES,4,0-1-0-2,NOUN,iambic,1
115,ABILITY,4,0-1-0-2,NOUN,iambic,1
121,ABJECT,2,1-0,ADJECTIVE,trochaic,1
132,ABLATION,3,2-1-0,NOUN,trochaic,1
135,ABLAZE,2,0-1,ADJECTIVE,iambic,1
136,ABLE,2,1-0,ADJECTIVE,trochaic,1
144,ABLOOM,2,0-1,ADJECTIVE,iambic,1
146,ABLUTION,3,0-1-0,NOUN,anapestic,1
149,ABNEGATION,4,2-0-1-0,NOUN,dactylic,1
151,ABNORMAL,3,0-1-0,ADJECTIVE,anapestic,1
152,ABNORMALITY,5,2-0-1-0-0,NOUN,dactylic,1
154,ABNORMALLY,4,0-1-0-0,ADVERB,anapestic,1
158,ABOARD,2,0-1,PREPOSITION,iambic,1
160,ABODE,2,0-1,NOUN,iambic,1
168,ABOLISH,3,0-1-0,VERB,anapestic,1
171,ABOLITION,4,2-0-1-0,NOUN,dactylic,1
173,ABOLITIONISM,6,2-0-1-0-2-0,NOUN,dactylic,2
174,ABOLITIONIST,5,2-0-1-0-0,NOUN,dactylic,1
178,ABOMINABLE,5,0-1-0-0-0,ADJECTIVE,anapestic,1
180,ABOMINATION,5,0-2-0-1-0,NOUN,dactylic,1
185,ABORIGINAL,5,2-0-1-0-0,ADJECTIVE,dactylic,1
186,ABORIGINE,5,2-0-1-0-0,NOUN,dactylic,1
187,ABORIGINES,5,2-0-1-0-0,NOUN,dactylic,1
189,ABORT,2,0-1,NOUN,iambic,1
191,ABORTIFACIENT,5,0-2-0-1-0,NOUN,dactylic,1
192,ABORTION,3,0-1-0,NOUN,anapestic,1
193,ABORTIONIST,4,0-1-0-0,NOUN,anapestic,1
194,ABORTIVE,3,0-1-0,ADJECTIVE,anapestic,1
197,ABOUND,2,0-1,VERB,iambic,1
198,ABOUNDING,3,0-1-0,ADJECTIVE,anapestic,1
199,ABOUT,2,0-1,PREPOSITION,iambic,1
201,ABOVE,2,0-1,PREPOSITION,iambic,1
202,ABOVEBOARD,3,0-1-2,ADJECTIVE,iambic,1
208,ABRACADABRA,5,2-0-0-1-0,NOUN,dactylic,2
210,ABRADE,2,0-1,VERB,iambic,1
211,ABRADED,3,0-1-0,ADJECTIVE,anapestic,1
213,ABRAHAM,3,1-0-2,NOUN,iambic,1
216,ABRASION,3,0-1-0,NOUN,anapestic,1
217,ABRASIVE,3,0-1-0,NOUN,anapestic,1
218,ABREAST,2,0-1,ADJECTIVE,iambic,1
221,ABRIDGE,2,0-1,VERB,iambic,1
222,ABRIDGED,2,0-1,ADJECTIVE,iambic,1
226,ABROAD,2,0-1,ADJECTIVE,iambic,1
229,ABROGATE,3,1-0-2,VERB,iambic,1
230,ABROGATED,4,1-0-2-0,VERB,iambic,1
231,ABROGATION,4,2-0-1-0,NOUN,dactylic,1
233,ABRUPT,2,0-1,ADJECTIVE,iambic,1
235,ABRUPTLY,3,0-1-0,ADVERB,anapestic,1
236,ABRUPTNESS,3,0-1-0,NOUN,anapestic,1
238,ABSCESS,2,1-2,NOUN,iambic,1
244,ABSCOND,2,0-1,VERB,iambic,1
247,ABSENCE,2,1-0,NOUN,trochaic,1
249,ABSENT,2,1-0,ADJECTIVE,trochaic,1
250,ABSENTEE,3,2-0-1,NOUN,dactylic,1
251,ABSENTEEISM,5,2-0-1-0-0,NOUN,dactylic,1
258,ABSINTHE,2,1-0,NOUN,trochaic,1
259,ABSOLUTE,3,1-0-2,NOUN,iambic,1
260,ABSOLUTELY,4,2-0-1-0,ADVERB,dactylic,1
261,ABSOLUTENESS,4,1-0-2-0,NOUN,iambic,1
262,ABSOLUTION,4,2-0-1-0,NOUN,dactylic,1
263,ABSOLUTISM,5,1-0-2-2-0,NOUN,iambic,2
264,ABSOLUTIST,4,0-0-1-0,NOUN,anapestic,1
265,ABSOLVE,2,0-1,VERB,iambic,1
266,ABSOLVED,2,0-1,ADJECTIVE,iambic,1
272,ABSORB,2,0-1,VERB,iambic,1
275,ABSORBED,2,0-1,ADJECTIVE,iambic,1
277,ABSORBENCY,4,0-1-0-0,NOUN,anapestic,1
278,ABSORBENT,3,0-1-0,ADJECTIVE,anapestic,1
279,ABSORBER,3,0-1-0,NOUN,anapestic,1
280,ABSORBING,3,0-1-0,ADJECTIVE,anapestic,1
281,ABSORPTION,3,0-1-0,NOUN,anapestic,1
284,ABSTAIN,2,0-1,VERB,iambic,1
289,ABSTENTION,3,0-1-0,NOUN,anapestic,1
294,ABSTINENCE,3,1-0-0,NOUN,trochaic,1
295,ABSTINENT,3,1-0-0,ADJECTIVE,trochaic,1
296,ABSTRACT,2,0-1,ADJECTIVE,iambic,1
297,ABSTRACTED,3,1-2-0,ADJECTIVE,iambic,1
300,ABSTRACTION,3,0-1-0,NOUN,anapestic,1
307,ABSTRUSE,2,0-1,ADJECTIVE,iambic,1
309,ABSURD,2,0-1,NOUN,iambic,1
310,ABSURDITY,4,0-1-0-0,NOUN,anapestic,1
311,ABSURDLY,3,0-1-0,ADVERB,anapestic,1
318,ABUNDANCE,3,0-1-0,NOUN,anapestic,1
319,ABUNDANT,3,0-1-0,ADJECTIVE,anapestic,1
321,ABUNDANTLY,4,0-1-0-0,ADVERB,anapestic,1
322,ABUSE,2,0-1,NOUN,iambic,1
323,ABUSED,2,0-1,ADJECTIVE,iambic,1
324,ABUSER,3,0-1-0,NOUN,anapestic,1
325,ABUSIVE,3,0-1-0,ADJECTIVE,anapestic,1
327,ABUT,2,0-1,VERB,iambic,1
332,ABUTTING,3,0-1-0,ADJECTIVE,anapestic,1
333,ABUZZ,2,0-1,ADJECTIVE,iambic,1
338,ABYSMAL,3,0-1-0,ADJECTIVE,anapestic,1
339,ABYSS,2,0-1,NOUN,iambic,1
341,ABYSSINIAN,4,0-1-2-0,NOUN,anapestic,1
343,ACACIA,3,0-1-0,NOUN,anapestic,1
344,ACADEMIA,5,2-0-1-0-0,NOUN,dactylic,1
345,ACADEMIC,4,2-0-1-0,ADJECTIVE,dactylic,1
347,ACADEMICALLY,5,2-0-1-0-0,ADVERB,dactylic,1
348,ACADEMICIAN,5,2-0-0-1-0,NOUN,dactylic,2
351,ACADEMY,4,0-1-0-0,NOUN,anapestic,1
352,ACADIA,4,0-1-0-0,NOUN,anapestic,1
375,ACAPULCO,4,2-0-1-0,NOUN,dactylic,1
396,ACCEDE,2,0-1,VERB,iambic,1
398,ACCELERATE,4,0-1-0-2,VERB,iambic,1
399,ACCELERATED,5,0-1-0-2-0,ADJECTIVE,anapestic,1
400,ACCELERATING,5,0-1-0-2-0,VERB,anapestic,1
401,ACCELERATION,5,2-2-0-1-0,NOUN,trochaic,2
403,ACCELERATOR,5,0-1-0-2-0,NOUN,anapestic,1
404,ACCELEROMETER,6,0-2-0-1-0-0,NOUN,dactylic,1
406,ACCENT,2,0-1,NOUN,iambic,1
407,ACCENTED,3,1-0-0,ADJECTIVE,trochaic,1
409,ACCENTS,2,1-0,ADJECTIVE,trochaic,1
411,ACCENTUATE,4,0-1-0-0,VERB,anapestic,1
413,ACCEPT,2,0-1,VERB,iambic,1
415,ACCEPTABILITY,6,0-2-0-1-0-0,NOUN,dactylic,1
416,ACCEPTABLE,4,0-1-0-0,ADJECTIVE,anapestic,1
417,ACCEPTABLY,4,0-1-0-0,ADVERB,anapestic,1
418,ACCEPTANCE,3,0-1-0,NOUN,anapestic,1
420,ACCEPTED,3,0-1-0,ADJECTIVE,anapestic,1
421,ACCEPTING,3,0-1-0,ADJECTIVE,anapestic,1
425,ACCESS,2,1-2,NOUN,iambic,1
426,ACCESSIBLE,4,0-1-0-0,ADJECTIVE,anapestic,1
427,ACCESSION,3,0-1-0,NOUN,anapestic,1
430,ACCESSORY,4,0-1-0-0,NOUN,anapestic,1
433,ACCIDENT,3,1-0-0,NOUN,trochaic,1
434,ACCIDENTAL,4,2-0-1-0,NOUN,dactylic,1
435,ACCIDENTALLY,5,2-0-1-0-0,ADVERB,dactylic,1
437,ACCIDENTS,3,1-0-0,NOUN,trochaic,1
445,ACCLAIM,2,0-1,NOUN,iambic,1
447,ACCLAMATION,4,2-0-1-0,NOUN,dactylic,1
454,ACCOLADE,3,1-0-2,NOUN,iambic,1
455,ACCOMMODATE,4,0-1-0-2,VERB,iambic,1
456,ACCOMMODATING,5,0-1-0-2-0,ADJECTIVE,anapestic,1
457,ACCOMMODATION,5,0-2-0-1-0,NOUN,dactylic,1
459,ACCOMMODATIVE,5,0-1-0-2-0,ADJECTIVE,anapestic,1
461,ACCOMPANIED,4,0-1-0-0,ADJECTIVE,anapestic,1
462,ACCOMPANIMENT,4,0-1-0-0,NOUN,anapestic,1
463,ACCOMPANIST,4,0-1-0-0,NOUN,anapestic,1
464,ACCOMPANY,4,0-1-0-0,VERB,anapestic,1
465,ACCOMPANYING,5,0-1-0-0-0,ADJECTIVE,anapestic,1
466,ACCOMPLI,3,2-1-0,ADJECTIVE,trochaic,1
467,ACCOMPLICE,3,0-1-0,NOUN,anapestic,1
468,ACCOMPLISH,3,0-1-0,VERB,anapestic,1
470,ACCOMPLISHED,3,0-1-0,ADJECTIVE,anapestic,1
471,ACCOMPLISHMENT,4,0-1-0-0,NOUN,anapestic,1
472,ACCOMPLISHMENTS,4,0-1-0-0,NOUN,anapestic,1
474,ACCORD,2,0-1,NOUN,iambic,1
475,ACCORDANCE,3,0-1-0,NOUN,anapestic,1
478,ACCORDING,3,0-1-0,ADJECTIVE,anapestic,1
479,ACCORDINGLY,4,0-1-0-0,ADVERB,anapestic,1
480,ACCORDION,4,0-1-0-0,NOUN,anapestic,1
482,ACCOST,2,0-1,VERB,iambic,1
486,ACCOUNT,2,0-1,NOUN,iambic,1
487,ACCOUNTABILITY,6,0-1-0-2-0-0,NOUN,anapestic,1
488,ACCOUNTABLE,4,0-1-0-0,ADJECTIVE,anapestic,1
490,ACCOUNTANCY,4,0-1-0-2,NOUN,iambic,1
491,ACCOUNTANT,3,0-1-0,NOUN,anapestic,1
494,ACCOUNTING,3,0-1-0,NOUN,anapestic,1
495,ACCOUNTS,2,0-1,NOUN,iambic,1
501,ACCOUTREMENT,4,0-1-0-0,NOUN,anapestic,1
502,ACCOUTREMENTS,4,0-1-0-0,NOUN,anapestic,1
505,ACCREDIT,3,0-1-2,VERB,iambic,1
506,ACCREDITATION,5,0-2-0-1-0,NOUN,dactylic,1
507,ACCREDITED,4,0-1-0-0,ADJECTIVE,anapestic,1
508,ACCRETION,3,0-1-0,NOUN,anapestic,1
513,ACCRUE,2,0-1,VERB,iambic,1
514,ACCRUED,2,0-1,ADJECTIVE,iambic,1
522,ACCUMULATE,4,0-1-0-2,VERB,iambic,1
523,ACCUMULATED,5,0-1-0-2-0,ADJECTIVE,anapestic,1
524,ACCUMULATION,5,0-2-0-1-0,NOUN,dactylic,1
525,ACCUMULATIVE,5,0-1-0-2-0,ADJECTIVE,anapestic,1
526,ACCURACY,4,1-0-0-0,NOUN,trochaic,1
527,ACCURATE,3,1-0-0,ADJECTIVE,trochaic,1
528,ACCURATELY,4,1-0-0-0,ADVERB,trochaic,1
530,ACCURSED,2,2-1,ADJECTIVE,trochaic,1
532,ACCUSATION,4,2-0-1-0,NOUN,dactylic,1
533,ACCUSATIVE,4,0-1-0-0,NOUN,anapestic,1
535,ACCUSATORY,5,0-1-0-2-0,ADJECTIVE,anapestic,1
536,ACCUSE,2,0-1,VERB,iambic,1
537,ACCUSED,2,0-1,NOUN,iambic,1
538,ACCUSER,3,0-1-0,NOUN,anapestic,1
539,ACCUSING,3,0-1-0,ADJECTIVE,anapestic,1
540,ACCUSINGLY,4,0-1-0-0,ADVERB,anapestic,1
541,ACCUSTOM,3,0-1-0,VERB,anapestic,1
543,ACCUSTOMED,3,0-1-0,ADJECTIVE,anapestic,1
544,ACE,1,1,NOUN,none,1
560,ACERBIC,3,0-1-0,ADJECTIVE,anapestic,1
574,ACETAMINOPHEN,6,0-2-0-1-0-0,NOUN,dactylic,1
576,ACETATE,3,1-0-2,NOUN,iambic,1
577,ACETIC,3,0-1-0,ADJECTIVE,anapestic,1
578,ACETONE,3,1-0-2,NOUN,iambic,1
584,ACETYLCHOLINE,5,0-2-0-1-0,NOUN,dactylic,1
585,ACETYLENE,4,0-1-0-2,NOUN,iambic,1
588,ACHAEAN,3,0-1-0,NOUN,anapestic,1
594,ACHE,1,1,NOUN,none,1
595,ACHENE,2,0-1,NOUN,iambic,1
603,ACHIEVABLE,4,0-1-0-0,ADJECTIVE,anapestic,1
604,ACHIEVE,2,0-1,VERB,iambic,1
605,ACHIEVEMENT,3,0-1-0,NOUN,anapestic,1
606,ACHIEVER,3,0-1-0,NOUN,anapestic,1
609,ACHILLES,3,0-1-0,NOUN,anapestic,1
611,ACHING,2,1-0,ADJECTIVE,trochaic,1
637,ACID,2,1-0,NOUN,trochaic,1
639,ACIDIC,3,0-1-0,ADJECTIVE,anapestic,1
640,ACIDIFICATION,6,0-2-0-0-1-0,NOUN,dactylic,2
641,ACIDIFY,4,0-1-0-2,VERB,iambic,1
644,ACIDITY,4,0-1-0-0,NOUN,anapestic,1
647,ACIDOSIS,4,2-0-1-0,NOUN,dactylic,1
663,ACKNOWLEDGE,3,0-1-0,VERB,anapestic,1
664,ACKNOWLEDGEABLE,5,0-1-0-0-0,ADJECTIVE,anapestic,1
665,ACKNOWLEDGED,3,0-1-0,ADJECTIVE,anapestic,1
666,ACKNOWLEDGEMENT,4,0-1-0-0,NOUN,anapestic,1
668,ACME,2,1-0,NOUN,trochaic,1
669,ACNE,2,1-0,NOUN,trochaic,1
677,ACOLYTE,3,1-0-2,NOUN,iambic,1
685,ACORN,2,1-0,NOUN,trochaic,1
688,ACOUSTIC,3,0-1-0,NOUN,anapestic,1
689,ACOUSTICALLY,4,0-1-0-0,ADVERB,anapestic,1
691,ACOUSTICS,3,0-1-0,NOUN,anapestic,1
692,ACQUAINT,2,0-1,VERB,iambic,1
693,ACQUAINTANCE,3,0-1-0,NOUN,anapestic,1
694,ACQUAINTED,3,0-1-0,ADJECTIVE,anapestic,1
699,ACQUIESCE,3,2-0-1,VERB,dactylic,1
700,ACQUIESCENCE,4,2-0-1-0,NOUN,dactylic,1
701,ACQUIESCENT,4,2-0-1-0,ADJECTIVE,dactylic,1
703,ACQUIRE,3,0-1-0,VERB,anapestic,1
704,ACQUIRED,3,0-1-0,ADJECTIVE,anapestic,1
707,ACQUIRER,4,0-1-0-0,NOUN,anapestic,1
708,ACQUIRING,3,0-1-0,NOUN,anapestic,1
710,ACQUISITION,4,2-0-1-0,NOUN,dactylic,1
711,ACQUISITIONS,4,2-0-1-0,NOUN,dactylic,1
712,ACQUISITIVE,4,0-1-0-0,ADJECTIVE,anapestic,1
714,ACQUIT,2,0-1,VERB,iambic,1
716,ACQUITTAL,3,0-1-0,NOUN,anapestic,1
718,ACQUITTED,3,0-1-0,ADJECTIVE,anapestic,1
720,ACRE,2,1-0,NOUN,trochaic,1
721,ACREAGE,3,1-0-0,NOUN,trochaic,1
722,ACRES,2,1-0,NOUN,trochaic,1
723,ACRID,2,1-0,ADJECTIVE,trochaic,1
728,ACRIMONIOUS,5,2-0-1-0-0,ADJECTIVE,dactylic,1
729,ACRIMONY,4,1-0-2-0,NOUN,iambic,1
739,ACROBAT,3,1-0-2,NOUN,iambic,1
741,ACROBATIC,4,2-0-1-0,ADJECTIVE,dactylic,1
742,ACROBATICS,4,2-0-1-0,NOUN,dactylic,1
761,ACRONYM,3,1-0-0,NOUN,trochaic,1
766,ACROPOLIS,4,0-1-0-0,NOUN,anapestic,1
770,ACROSS,2,0-1,PREPOSITION,iambic,1
773,ACRYLIC,3,0-1-0,NOUN,anapestic,1
774,ACT,1,1,NOUN,none,1
778,ACTED,2,1-0,VERB,trochaic,1
782,ACTIN,2,1-0,NOUN,trochaic,1
784,ACTING,2,1-0,NOUN,trochaic,1
788,ACTINIDIA,5,2-0-1-0-0,NOUN,dactylic,1
806,ACTINOMYCOSIS,6,2-2-0-2-1-0,NOUN,dactylic,3
812,ACTION,2,1-0,NOUN,trochaic,1
813,ACTIONABLE,4,1-0-0-0,ADJECTIVE,trochaic,1
814,ACTIONS,2,1-0,NOUN,trochaic,1
817,ACTIVATED,4,1-0-2-0,ADJECTIVE,iambic,1
818,ACTIVATION,4,2-0-1-0,NOUN,dactylic,1
819,ACTIVATOR,4,1-0-2-0,NOUN,iambic,1
820,ACTIVE,2,1-0,NOUN,trochaic,1
821,ACTIVELY,3,1-0-0,ADVERB,trochaic,1
823,ACTIVISM,4,1-0-2-0,NOUN,iambic,1
824,ACTIVIST,3,1-0-0,ADJECTIVE,trochaic,1
825,ACTIVITY,4,0-1-0-0,NOUN,anapestic,1
827,ACTOR,2,1-0,NOUN,trochaic,1
828,ACTRESS,2,1-0,NOUN,trochaic,1
829,ACTS,1,1,VERB,none,1
831,ACTUAL,3,1-0-0,ADJECTIVE,trochaic,1
832,ACTUALITY,5,2-0-1-0-2,NOUN,dactylic,2
834,ACTUALLY,4,1-2-0-0,ADVERB,iambic,1
835,ACTUARIAL,5,2-2-1-0-0,ADJECTIVE,trochaic,2
836,ACTUARY,4,1-0-1-2,NOUN,iambic,2
839,ACTUATOR,4,1-0-2-0,NOUN,iambic,1
844,ACUITY,4,0-1-0-0,NOUN,anapestic,1
849,ACUMEN,3,0-1-0,NOUN,anapestic,1
855,ACUPUNCTURE,4,1-0-2-0,NOUN,iambic,1
856,ACUTE,2,0-1,ADJECTIVE,iambic,1
857,ACUTELY,3,0-1-0,ADVERB,anapestic,1
858,ACUTENESS,3,0-1-0,NOUN,anapestic,1
860,ACYCLOVIR,4,0-1-0-2,NOUN,iambic,1
867,ADAGE,2,1-0,NOUN,trochaic,1
868,ADAGIO,4,0-1-0-2,NOUN,iambic,1
870,ADAM,2,1-0,NOUN,trochaic,1
872,ADAMANT,3,1-0-0,ADJECTIVE,trochaic,1
875,ADAMANTLY,4,1-0-0-0,ADVERB,trochaic,1
876,ADAMS,2,1-0,NOUN,trochaic,1
880,ADAPT,2,0-1,VERB,iambic,1
881,ADAPTABILITY,6,0-2-0-1-0-0,NOUN,dactylic,1
882,ADAPTABLE,4,0-1-0-0,ADJECTIVE,anapestic,1
883,ADAPTATION,4,2-0-1-0,NOUN,dactylic,1
885,ADAPTED,3,0-1-0,ADJECTIVE,anapestic,1
886,ADAPTOR,3,0-1-0,NOUN,anapestic,1
888,ADAPTIVE,3,0-1-0,ADJECTIVE,anapestic,1
889,ADAR,2,0-1,NOUN,iambic,1
891,ADD,1,1,VERB,none,1
895,ADDED,2,1-0,ADJECTIVE,trochaic,1
897,ADDENDUM,3,0-1-0,NOUN,anapestic,1
898,ADDER,2,1-0,NOUN,trochaic,1
901,ADDICT,2,0-1,NOUN,iambic,1
902,ADDICTED,3,0-1-0,ADJECTIVE,anapestic,1
903,ADDICTION,3,0-1-0,NOUN,anapestic,1
904,ADDICTIVE,3,0-1-0,ADJECTIVE,anapestic,1
905,ADDING,2,1-0,VERB,trochaic,1
906,ADDISON,3,1-0-0,NOUN,trochaic,1
908,ADDITION,3,0-1-0,NOUN,anapestic,1
909,ADDITIONAL,4,0-1-0-0,ADJECTIVE,anapestic,1
910,ADDITIONALLY,5,0-1-0-2-0,ADVERB,anapestic,1
911,ADDITIVE,3,1-0-0,NOUN,trochaic,1
913,ADDLE,2,1-0,VERB,trochaic,1
915,ADDLED,2,1-0,ADJECTIVE,trochaic,1
918,ADDRESS,2,1-2,NOUN,iambic,1
919,ADDRESSABLE,4,0-1-0-0,ADJECTIVE,anapestic,1
920,ADDRESSED,2,0-1,ADJECTIVE,iambic,1
921,ADDRESSEE,3,2-0-1,NOUN,dactylic,1
922,ADDRESSES,3,1-1-0,NOUN,trochaic,2
941,ADEN,2,1-0,NOUN,trochaic,1
943,ADENINE,3,1-0-2,NOUN,iambic,1
949,ADENOID,3,1-0-2,ADJECTIVE,iambic,1
955,ADENOSINE,4,0-1-0-2,NOUN,iambic,1
957,ADENOVIRUS,5,0-1-0-2-0,NOUN,anapestic,1
960,ADEPT,2,0-1,ADJECTIVE,iambic,1
962,ADEQUACY,4,1-0-0-0,NOUN,trochaic,1
963,ADEQUATE,3,1-0-0,ADJECTIVE,trochaic,1
964,ADEQUATELY,4,1-0-0-0,ADVERB,trochaic,1
966,ADHERE,2,0-1,VERB,iambic,1
967,ADHERENCE,3,0-1-0,NOUN,anapestic,1
968,ADHERENT,3,0-1-0,ADJECTIVE,anapestic,1
969,ADHERING,3,0-1-0,VERB,anapestic,1
970,ADHESION,3,0-1-0,NOUN,anapestic,1
971,ADHESIVE,3,0-1-0,ADJECTIVE,anapestic,1
984,ADIEU,2,0-1,NOUN,iambic,1
987,ADIPOSE,3,1-0-2,ADJECTIVE,iambic,1
995,ADJACENT,3,0-1-0,ADJECTIVE,anapestic,1
1000,ADJECTIVE,3,1-0-0,NOUN,trochaic,1
1002,ADJECTIVES,3,1-0-0,ADJECTIVE,trochaic,1
1003,ADJOIN,2,0-1,VERB,iambic,1
1004,ADJOINING,3,0-1-0,VERB,anapestic,1
1005,ADJOURN,2,0-1,VERB,iambic,1
1006,ADJOURNMENT,3,0-1-0,NOUN,anapestic,1
1008,ADJUDGE,2,0-1,VERB,iambic,1
1009,ADJUDICATE,4,0-1-0-2,VERB,iambic,1
1010,ADJUDICATION,5,0-2-0-1-0,NOUN,dactylic,1
1013,ADJUNCT,2,1-2,NOUN,iambic,1
1018,ADJUST,2,0-1,VERB,iambic,1
1019,ADJUSTABLE,4,0-1-0-0,ADJECTIVE,anapestic,1
1020,ADJUSTED,3,0-1-0,ADJECTIVE,anapestic,1
1021,ADJUSTER,3,0-1-0,NOUN,anapestic,1
1023,ADJUSTMENT,3,0-1-0,NOUN,anapestic,1
1025,ADJUTANT,3,1-0-0,NOUN,trochaic,1
1031,ADMINISTER,4,0-1-0-0,VERB,anapestic,1
1033,ADMINISTRATION,5,0-2-0-1-0,NOUN,dactylic,1
1034,ADMINISTRATIVE,5,0-1-0-2-0,ADJECTIVE,anapestic,1
1035,ADMINISTRATIVELY,6,0-2-0-1-0-0,ADVERB,dactylic,1
1036,ADMINISTRATOR,5,0-1-0-2-0,NOUN,anapestic,1
1037,ADMINISTRATORS,5,0-1-0-2-0,NOUN,anapestic,1
1039,ADMIRABLE,4,1-0-0-0,ADJECTIVE,trochaic,1
1040,ADMIRABLY,4,1-0-0-0,ADVERB,trochaic,1
1041,ADMIRAL,3,1-0-0,NOUN,trochaic,1
1042,ADMIRALTY,4,1-0-0-0,NOUN,trochaic,1
1044,ADMIRATION,4,2-0-1-0,NOUN,dactylic,1
1045,ADMIRE,2,0-1,VERB,iambic,1
1046,ADMIRED,3,0-1-0,ADJECTIVE,anapestic,1
1047,ADMIRER,3,0-1-0,NOUN,anapestic,1
1048,ADMIRING,3,0-1-0,VERB,anapestic,1
1049,ADMIRINGLY,4,0-1-0-0,ADVERB,anapestic,1
1051,ADMISSIBILITY,6,0-2-0-1-0-0,NOUN,dactylic,1
1052,ADMISSIBLE,4,0-1-0-0,ADJECTIVE,anapestic,1
1053,ADMISSION,3,0-1-0,NOUN,anapestic,1
1055,ADMIT,2,0-1,VERB,iambic,1
1057,ADMITTANCE,3,0-1-0,NOUN,anapestic,1
1058,ADMITTED,3,0-1-0,VERB,anapestic,1
1059,ADMITTING,3,0-1-0,ADJECTIVE,anapestic,1
1062,ADMONISH,3,0-1-0,VERB,anapestic,1
1063,ADMONISHED,3,0-1-0,VERB,anapestic,1
1065,ADMONITION,4,2-0-1-0,NOUN,dactylic,1
1067,ADMONITORY,5,2-1-0-2-0,ADJECTIVE,dactylic,2
1072,ADO,2,0-1,NOUN,iambic,1
1073,ADOBE,3,0-1-0,NOUN,anapestic,1
1075,ADOLESCENCE,4,2-0-1-0,NOUN,dactylic,1
1076,ADOLESCENT,4,2-0-1-0,NOUN,dactylic,1
1078,ADONIS,3,0-1-0,NOUN,anapestic,1
1080,ADOPT,2,0-1,VERB,iambic,1
1081,ADOPTABLE,4,0-1-0-0,ADJECTIVE,anapestic,1
1082,ADOPTED,3,0-1-0,ADJECTIVE,anapestic,1
1083,ADOPTION,3,0-1-0,NOUN,anapestic,1
1084,ADOPTIVE,3,0-1-0,ADJECTIVE,anapestic,1
1086,ADORABLE,4,0-1-0-0,ADJECTIVE,anapestic,1
1088,ADORATION,4,2-0-1-0,NOUN,dactylic,1
1089,ADORE,2,0-1,VERB,iambic,1
1090,ADORED,2,0-1,ADJECTIVE,iambic,1
1092,ADORING,3,0-1-0,ADJECTIVE,anapestic,1
1094,ADORN,2,0-1,VERB,iambic,1
1095,ADORNED,2,0-1,ADJECTIVE,iambic,1
1096,ADORNMENT,3,0-1-0,NOUN,anapestic,1
1098,ADRENAL,3,0-1-0,ADJECTIVE,anapestic,1
1100,ADRENALINE,4,0-1-0-0,NOUN,anapestic,1
1102,ADRENERGIC,4,0-0-1-0,NOUN,anapestic,1
1107,ADRIATIC,4,2-0-1-0,NOUN,dactylic,1
1108,ADRIFT,2,0-1,ADJECTIVE,iambic,1
1109,ADROIT,2,0-1,ADJECTIVE,iambic,1
1110,ADROITLY,3,0-1-0,ADVERB,anapestic,1
1120,ADSORPTION,3,0-1-0,NOUN,anapestic,1
1121,ADULATION,4,2-0-1-0,NOUN,dactylic,1
1125,ADULT,2,0-1,NOUN,iambic,1
1127,ADULTERATE,4,0-1-0-2,ADJECTIVE,iambic,1
1128,ADULTERATED,5,0-1-0-2-0,ADJECTIVE,anapestic,1
1130,ADULTERATION,5,0-2-0-1-0,NOUN,dactylic,1
1131,ADULTERER,4,0-1-0-0,NOUN,anapestic,1
1134,ADULTEROUS,4,0-1-0-0,ADJECTIVE,anapestic,1
1136,ADULTERY,4,0-1-0-0,NOUN,anapestic,1
1137,ADULTHOOD,3,0-1-2,NOUN,iambic,1
1150,ADVANCE,2,0-1,NOUN,iambic,1
1151,ADVANCED,2,0-1,ADJECTIVE,iambic,1
1152,ADVANCEMENT,3,0-1-0,NOUN,anapestic,1
1153,ADVANCES,3,0-1-0,VERB,anapestic,1
1154,ADVANCING,3,0-1-0,ADJECTIVE,anapestic,1
1155,ADVANTAGE,3,0-1-0,NOUN,anapestic,1
1156,ADVANTAGED,3,0-1-0,ADJECTIVE,anapestic,1
1157,ADVANTAGEOUS,4,2-0-1-0,ADJECTIVE,dactylic,1
1158,ADVECTION,3,0-1-0,NOUN,anapestic,1
1161,ADVENT,2,1-2,NOUN,iambic,1
1163,ADVENTIST,3,1-2-0,NOUN,iambic,1
1167,ADVENTURE,3,0-1-0,NOUN,anapestic,1
1168,ADVENTURER,4,0-1-0-0,NOUN,anapestic,1
1169,ADVENTURES,3,0-1-0,NOUN,anapestic,1
1171,ADVENTURISM,5,0-1-0-2-0,NOUN,anapestic,1
1173,ADVENTUROUS,4,0-1-0-0,ADJECTIVE,anapestic,1
1175,ADVERB,2,1-0,NOUN,trochaic,1
1176,ADVERBIAL,4,0-1-0-0,NOUN,anapestic,1
1178,ADVERBS,2,1-0,NOUN,trochaic,1
1180,ADVERSARY,4,1-0-2-0,NOUN,iambic,1
1183,ADVERSE,2,0-1,ADJECTIVE,iambic,1
1184,ADVERSELY,3,0-1-0,ADVERB,anapestic,1
1186,ADVERSITY,4,0-1-0-2,NOUN,iambic,1
1189,ADVERT,2,1-0,VERB,trochaic,1
1193,ADVERTISE,3,1-0-2,VERB,iambic,1
1194,ADVERTISED,3,1-0-2,ADJECTIVE,iambic,1
1195,ADVERTISEMENT,4,0-1-0-0,NOUN,anapestic,1
1196,ADVERTISER,4,1-0-2-0,NOUN,iambic,1
1197,ADVERTISING,4,1-0-2-0,NOUN,iambic,1
1198,ADVICE,2,0-1,NOUN,iambic,1
1199,ADVISABILITY,6,2-2-0-1-0-0,NOUN,trochaic,2
1200,ADVISABLE,4,0-1-0-0,ADJECTIVE,anapestic,1
1201,ADVISE,2,0-1,VERB,iambic,1
1202,ADVISED,2,0-1,ADJECTIVE,iambic,1
1203,ADVISEDLY,4,0-1-0-0,ADVERB,anapestic,1
1206,ADVISER,3,0-1-0,NOUN,anapestic,1
1207,ADVISORY,4,0-1-0-0,NOUN,anapestic,1
1208,ADVOCACY,4,1-0-0-0,NOUN,trochaic,1
1209,ADVOCATE,3,1-0-0,NOUN,trochaic,1
1210,ADVOCATION,4,2-0-1-0,NOUN,dactylic,1
1218,ADZ,1,1,NOUN,none,1
1228,AEGEAN,3,2-1-0,NOUN,trochaic,1
1232,AEGIS,2,1-0,NOUN,trochaic,1
1238,AENEAS,3,1-0-0,NOUN,trochaic,1
1239,AENEID,3,0-1-0,NOUN,anapestic,1
1245,AEOLUS,3,1-0-0,NOUN,trochaic,1
1260,AERIAL,3,1-0-0,ADJECTIVE,trochaic,1
1264,AERIE,2,1-0,NOUN,trochaic,1
1270,AEROBIC,3,0-1-0,ADJECTIVE,anapestic,1
1271,AEROBICS,3,0-1-0,NOUN,anapestic,1
1275,AERODROME,3,1-0-2,NOUN,iambic,1
1276,AERODYNAMIC,5,2-0-0-1-0,ADJECTIVE,dactylic,2
1277,AERODYNAMICS,5,2-0-0-1-0,NOUN,dactylic,2
1292,AERONAUTIC,4,2-0-1-0,ADJECTIVE,dactylic,1
1293,AERONAUTICAL,5,2-0-1-0-0,ADJECTIVE,dactylic,1
1294,AERONAUTICS,4,2-0-1-0,NOUN,dactylic,1
1302,AEROSOL,3,1-0-2,NOUN,iambic,1
1304,AEROSPACE,3,1-0-2,NOUN,iambic,1
1306,AEROSTAT,3,1-0-2,NOUN,iambic,1
1319,AESOP,2,1-2,NOUN,iambic,1
1321,AESTHETIC,3,0-1-0,NOUN,anapestic,1
1322,AESTHETICALLY,4,0-1-0-0,ADVERB,anapestic,1
1323,AESTHETICS,3,0-1-0,NOUN,anapestic,1
1334,AFAR,2,0-1,ADVERB,iambic,1
1338,AFFABLE,3,1-0-0,ADJECTIVE,trochaic,1
1339,AFFABLY,3,1-0-0,ADVERB,trochaic,1
1340,AFFAIR,2,0-1,NOUN,iambic,1
1343,AFFAIRS,2,0-1,NOUN,iambic,1
1344,AFFECT,2,0-1,NOUN,iambic,1
1345,AFFECTATION,4,2-0-1-0,NOUN,dactylic,1
1346,AFFECTED,3,0-1-0,ADJECTIVE,anapestic,1
1350,AFFECTING,3,0-1-0,ADJECTIVE,anapestic,1
1352,AFFECTION,3,0-1-0,NOUN,anapestic,1
1354,AFFECTIONATE,4,0-1-0-0,ADJECTIVE,anapestic,1
1357,AFFECTIONS,3,0-1-0,NOUN,anapestic,1
1359,AFFECTS,2,0-1,VERB,iambic,1
1361,AFFERENT,3,1-0-0,ADJECTIVE,trochaic,1
1368,AFFIDAVIT,4,2-0-1-0,NOUN,dactylic,1
1369,AFFILIATED,5,0-1-0-2-0,ADJECTIVE,anapestic,1
1370,AFFILIATION,5,0-2-0-1-0,NOUN,dactylic,1
1372,AFFINED,2,0-1,ADJECTIVE,iambic,1
1373,AFFINITY,4,0-1-0-0,NOUN,anapestic,1
1374,AFFIRM,2,0-1,VERB,iambic,1
1377,AFFIRMATION,4,2-0-1-0,NOUN,dactylic,1
1378,AFFIRMATIVE,4,0-1-0-0,NOUN,anapestic,1
1379,AFFIRMATIVELY,5,0-1-0-0-0,ADVERB,anapestic,1
1381,AFFIX,2,1-0,NOUN,trochaic,1
1384,AFFIXED,2,0-1,ADJECTIVE,iambic,1
1387,AFFLICT,2,0-1,VERB,iambic,1
1388,AFFLICTED,3,0-1-0,ADJECTIVE,anapestic,1
1389,AFFLICTING,3,0-1-0,VERB,anapestic,1
1390,AFFLICTION,3,0-1-0,NOUN,anapestic,1
1391,AFFLICTIONS,3,0-1-0,NOUN,anapestic,1
1393,AFFLUENCE,3,1-0-0,NOUN,trochaic,1
1394,AFFLUENT,3,1-0-0,NOUN,trochaic,1
1397,AFFORD,2,0-1,VERB,iambic,1
1404,AFFRICATE,3,1-0-0,NOUN,trochaic,1
1405,AFFRICATION,4,2-0-1-0,NOUN,dactylic,1
1409,AFFRONT,2,0-1,VERB,iambic,1
1410,AFFRONTED,3,0-1-0,ADJECTIVE,anapestic,1
1414,AFGHAN,2,1-2,NOUN,iambic,1
1415,AFGHANI,3,0-1-0,NOUN,anapestic,1
1416,AFGHANISTAN,4,0-1-0-2,NOUN,iambic,1
1418,AFIELD,2,0-1,ADVERB,iambic,1
1419,AFIRE,2,0-1,ADJECTIVE,iambic,1
1422,AFLOAT,2,0-1,ADJECTIVE,iambic,1
1423,AFLUTTER,3,0-1-0,ADJECTIVE,anapestic,1
1424,AFOOT,2,0-1,ADJECTIVE,iambic,1
1427,AFOREMENTIONED,4,0-1-2-0,ADJECTIVE,anapestic,1
1429,AFORESAID,3,0-1-2,ADJECTIVE,iambic,1
1430,AFORETHOUGHT,3,0-1-2,ADJECTIVE,iambic,1
1431,AFOUL,2,0-1,ADJECTIVE,iambic,1
1432,AFRAID,2,0-1,ADJECTIVE,iambic,1
1435,AFRESH,2,0-1,ADVERB,iambic,1
1437,AFRICA,3,1-0-0,NOUN,trochaic,1
1438,AFRICAN,3,1-0-0,NOUN,trochaic,1
1440,AFRIKAANS,3,2-0-1,NOUN,dactylic,1
1441,AFRIKANER,4,2-0-1-0,NOUN,dactylic,1
1442,AFRO,2,1-0,NOUN,trochaic,1
1446,AFT,1,1,ADJECTIVE,none,1
1447,AFTER,2,1-0,PREPOSITION,trochaic,1
1451,AFTERBURNER,4,1-0-2-0,NOUN,iambic,1
1460,AFTEREFFECT,4,1-0-0-2,NOUN,iambic,2
1462,AFTERGLOW,3,1-0-2,NOUN,iambic,1
1464,AFTERIMAGE,4,1-0-2-0,NOUN,iambic,1
1465,AFTERLIFE,3,1-0-2,NOUN,iambic,1
1466,AFTERMATH,3,1-0-2,NOUN,iambic,1
1468,AFTERNOON,3,2-0-1,NOUN,dactylic,1
1474,AFTERSHOCK,3,1-0-2,NOUN,iambic,1
1475,AFTERTASTE,3,1-0-2,NOUN,iambic,1
1476,AFTERTHOUGHT,3,1-0-2,NOUN,iambic,1
1477,AFTERWARDS,3,1-0-0,ADVERB,trochaic,1
1479,AGA,2,1-0,NOUN,trochaic,1
1481,AGAIN,2,0-1,ADVERB,iambic,1
1483,AGAINST,2,0-1,PREPOSITION,iambic,1
1488,AGAMEMNON,4,2-0-1-2,NOUN,dactylic,2
1495,AGAPE,2,0-1,NOUN,iambic,1
1498,AGAR,2,1-0,NOUN,trochaic,1
1505,AGATE,2,1-0,NOUN,trochaic,1
1512,AGE,1,1,NOUN,none,1
1513,AGED,1,1,NOUN,none,1
1517,AGELESS,2,1-0,ADJECTIVE,trochaic,1
1520,AGENCY,3,1-0-0,NOUN,trochaic,1
1521,AGENDA,3,0-1-0,NOUN,anapestic,1
1524,AGENT,2,1-0,NOUN,trochaic,1
1527,AGENTS,2,1-0,NOUN,trochaic,1
1531,AGERATUM,4,0-1-0-0,NOUN,anapestic,1
1532,AGES,2,1-0,NOUN,trochaic,1
1533,AGGLOMERATE,4,0-1-0-2,NOUN,iambic,1
1534,AGGLOMERATION,5,0-2-0-1-0,NOUN,dactylic,1
1535,AGGLUTINATE,4,0-1-0-2,ADJECTIVE,iambic,1
1540,AGGRANDISE,3,0-1-2,VERB,iambic,1
1541,AGGRANDISEMENT,4,1-0-2-0,NOUN,iambic,1
1543,AGGRAVATE,3,1-0-2,VERB,iambic,1
1544,AGGRAVATED,4,1-0-2-0,ADJECTIVE,iambic,1
1545,AGGRAVATING,4,1-0-2-0,ADJECTIVE,iambic,1
1547,AGGRAVATION,4,2-0-1-0,NOUN,dactylic,1
1548,AGGREGATE,3,1-0-0,NOUN,trochaic,1
1549,AGGREGATION,4,2-0-1-0,NOUN,dactylic,1
1550,AGGRESSION,3,0-1-0,NOUN,anapestic,1
1551,AGGRESSIVE,3,0-1-0,ADJECTIVE,anapestic,1
1552,AGGRESSIVELY,4,0-1-0-0,ADVERB,anapestic,1
1553,AGGRESSIVENESS,4,0-1-0-0,NOUN,anapestic,1
1554,AGGRESSOR,3,0-1-0,NOUN,anapestic,1
1555,AGGRIEVE,2,0-1,VERB,iambic,1
1556,AGGRIEVED,2,0-1,ADJECTIVE,iambic,1
1560,AGHAST,2,0-1,ADJECTIVE,iambic,1
1562,AGILE,2,1-0,ADJECTIVE,trochaic,1
1564,AGILITY,4,0-1-0-0,NOUN,anapestic,1
1565,AGINCOURT,3,1-0-2,NOUN,iambic,1
1566,AGING,2,1-0,NOUN,trochaic,1
1571,AGITATE,3,1-0-2,VERB,iambic,1
1572,AGITATED,4,1-0-2-0,ADJECTIVE,iambic,1
1573,AGITATION,4,2-0-1-0,NOUN,dactylic,1
1575,AGITATOR,4,1-0-2-0,NOUN,iambic,1
1581,AGLEAM,2,0-1,ADJECTIVE,iambic,1
1583,AGLOW,2,0-1,ADJECTIVE,iambic,1
1592,AGNOSTIC,3,0-1-0,NOUN,anapestic,1
1595,AGO,2,0-1,ADJECTIVE,iambic,1
1596,AGOG,2,0-1,ADJECTIVE,iambic,1
1601,AGONIES,3,1-0-0,NOUN,trochaic,1
1603,AGONIST,3,1-0-0,NOUN,trochaic,1
1605,AGONISE,3,1-0-2,VERB,iambic,1
1606,AGONISED,3,1-0-2,ADJECTIVE,iambic,1
1607,AGONISING,4,1-0-0-0,ADJECTIVE,trochaic,1
1608,AGONISINGLY,5,1-0-2-0-2,ADVERB,iambic,2
1610,AGONY,3,1-0-0,NOUN,trochaic,1
1611,AGORA,3,1-0-0,NOUN,trochaic,1
1612,AGORAPHOBIA,6,0-2-0-1-0-0,NOUN,dactylic,1
1621,AGRARIAN,4,0-1-0-0,ADJECTIVE,anapestic,1
1622,AGREE,2,0-1,VERB,iambic,1
1623,AGREEABLE,4,0-1-0-0,ADJECTIVE,anapestic,1
1626,AGREED,2,0-1,ADJECTIVE,iambic,1
1627,AGREEING,3,0-1-0,VERB,anapestic,1
1628,AGREEMENT,3,0-1-0,NOUN,anapestic,1
1631,AGRIBUSINESS,4,1-0-2-0,NOUN,iambic,1
1633,AGRICULTURAL,5,2-0-1-0-0,ADJECTIVE,dactylic,1
1634,AGRICULTURE,4,1-0-2-0,NOUN,iambic,1
1638,AGRIPPA,3,0-1-0,NOUN,anapestic,1
1646,AGRONOMIST,4,0-1-0-0,NOUN,anapestic,1
1647,AGRONOMY,4,0-1-0-2,NOUN,iambic,1
1651,AGROUND,2,0-1,ADJECTIVE,iambic,1
1654,AGUA,2,1-0,NOUN,trochaic,1
1656,AGUE,2,1-2,NOUN,iambic,1
1662,AH,1,0,INTERJECTION,none,0
1663,AHA,2,2-1,INTERJECTION,trochaic,0
1664,AHAB,2,1-2,NOUN,iambic,1
1666,AHEAD,2,0-1,ADJECTIVE,iambic,1
1671,AID,1,1,NOUN,none,1
1673,AIDE,1,1,NOUN,none,1
1676,AIDING,2,1-0,VERB,trochaic,1
1678,AIDS,1,1,NOUN,none,1
1683,AIL,1,1,VERB,none,1
1686,AILERON,3,1-0-2,NOUN,iambic,1
1687,AILING,2,1-0,ADJECTIVE,trochaic,1
1688,AILMENT,2,1-0,NOUN,trochaic,1
1693,AIM,1,1,NOUN,none,1
1695,AIMLESS,2,1-0,ADJECTIVE,trochaic,1
1696,AIMLESSLY,3,1-0-0,ADVERB,trochaic,1
1700,AIR,1,1,NOUN,none,1
1701,AIRBORNE,2,1-2,ADJECTIVE,iambic,1
1706,AIRBUS,2,1-0,NOUN,trochaic,1
1707,AIRCRAFT,2,1-2,NOUN,iambic,1
1709,AIRCREW,2,1-2,NOUN,iambic,1
1713,AIRED,1,1,ADJECTIVE,none,1
1714,AIREDALE,2,1-2,NOUN,iambic,1
1715,AIRFIELD,2,1-2,NOUN,iambic,1
1716,AIRFLOW,2,1-0,NOUN,trochaic,1
1717,AIRFOIL,2,1-2,NOUN,iambic,1
1718,AIRFRAME,2,1-2,NOUN,iambic,1
1722,AIRING,2,1-0,NOUN,trochaic,1
1723,AIRLESS,2,1-0,ADJECTIVE,trochaic,1
1724,AIRLIFT,2,1-2,NOUN,iambic,1
1725,AIRLINE,2,1-2,NOUN,iambic,1
1726,AIRLINER,3,1-2-0,NOUN,iambic,1
1727,AIRLOCK,2,1-2,NOUN,iambic,1
1728,AIRMAIL,2,1-2,NOUN,iambic,1
1729,AIRMAN,2,1-0,NOUN,trochaic,1
1732,AIRPLANE,2,1-2,NOUN,iambic,1
1733,AIRPORT,2,1-2,NOUN,iambic,1
1734,AIRS,1,1,NOUN,none,1
1735,AIRSHIP,2,1-2,NOUN,iambic,1
1737,AIRSPACE,2,1-2,NOUN,iambic,1
1738,AIRSPEED,2,1-2,NOUN,iambic,1
1740,AIRSTRIP,2,1-2,NOUN,iambic,1
1741,AIRTIGHT,2,1-2,ADJECTIVE,iambic,1
1743,AIRWORTHINESS,4,1-2-0-0,NOUN,iambic,1
1744,AIRWORTHY,3,1-2-0,ADJECTIVE,iambic,1
1745,AIRY,2,1-0,ADJECTIVE,trochaic,1
1747,AISLE,1,1,NOUN,none,1
1752,AIX,1,1,NOUN,none,1
1755,AJAR,2,0-1,ADJECTIVE,iambic,1
1756,AJAX,2,1-2,NOUN,iambic,1
1764,AKIMBO,3,0-1-2,ADJECTIVE,iambic,1
1765,AKIN,2,0-1,ADJECTIVE,iambic,1
1767,AKKADIAN,4,0-1-0-0,NOUN,anapestic,1
1768,AKRON,2,1-0,NOUN,trochaic,1
1770,ALA,2,1-0,NOUN,trochaic,1
1771,ALABAMA,4,2-0-1-0,NOUN,dactylic,1
1772,ALABAMAN,4,2-0-1-0,NOUN,dactylic,1
1773,ALABASTER,4,1-0-2-0,NOUN,iambic,1
1777,ALACRITY,4,0-1-0-0,NOUN,anapestic,1
1779,ALADDIN,3,0-1-0,NOUN,anapestic,1
1781,ALAMEDA,4,2-0-1-0,NOUN,dactylic,1
1782,ALAMO,3,1-0-0,NOUN,trochaic,1
1784,ALAR,2,1-2,NOUN,iambic,1
1785,ALARM,2,0-1,NOUN,iambic,1
1786,ALARMED,2,0-1,ADJECTIVE,iambic,1
1787,ALARMING,3,0-1-0,ADJECTIVE,anapestic,1
1788,ALARMINGLY,4,0-1-0-0,ADVERB,anapestic,1
1790,ALARMIST,3,0-1-0,NOUN,anapestic,1
1792,ALAS,2,0-1,INTERJECTION,iambic,1
1793,ALASKA,3,0-1-0,NOUN,anapestic,1
1794,ALASKAN,3,0-1-0,NOUN,anapestic,1
1802,ALBACORE,3,1-0-2,NOUN,iambic,1
1803,ALBANIA,4,0-1-0-0,NOUN,anapestic,1
1804,ALBANIAN,4,0-1-0-0,NOUN,anapestic,1
1805,ALBANY,3,1-0-0,NOUN,trochaic,1
1808,ALBATROSS,3,1-0-2,NOUN,iambic,1
1810,ALBEIT,3,0-1-0,CONJUNCTION,anapestic,1
1812,ALBERT,2,1-0,NOUN,trochaic,1
1813,ALBERTA,3,0-1-0,NOUN,anapestic,1
1818,ALBINO,3,0-1-2,NOUN,iambic,1
1827,ALBUM,2,1-0,NOUN,trochaic,1
1829,ALBUMIN,3,0-1-0,NOUN,anapestic,1
1833,ALBUQUERQUE,4,1-0-0-0,NOUN,trochaic,1
1834,ALBUTEROL,4,2-1-0-0,NOUN,trochaic,1
1840,ALCAZAR,3,1-0-2,NOUN,iambic,1
1847,ALCHEMIST,3,1-0-2,NOUN,iambic,1
1849,ALCHEMY,3,1-0-0,NOUN,trochaic,1
1851,ALCOHOL,3,1-0-2,NOUN,iambic,1
1852,ALCOHOLIC,4,2-0-1-0,NOUN,dactylic,1
1853,ALCOHOLISM,5,1-0-2-2-0,NOUN,iambic,2
1855,ALCOVE,2,1-2,NOUN,iambic,1
1858,ALDEBARAN,4,0-1-0-0,NOUN,anapestic,1
1861,ALDER,2,1-0,NOUN,trochaic,1
1863,ALDERMAN,3,1-0-0,NOUN,trochaic,1
1870,ALE,1,1,NOUN,none,1
1872,ALEATORY,5,1-0-0-2-0,ADJECTIVE,iambic,2
1881,ALEHOUSE,2,1-2,NOUN,iambic,1
1884,ALEPH,2,1-0,NOUN,trochaic,1
1887,ALERT,2,0-1,NOUN,iambic,1
1888,ALERTLY,3,0-1-0,ADVERB,anapestic,1
1889,ALERTNESS,3,0-1-0,NOUN,anapestic,1
1890,ALERTS,2,0-1,VERB,iambic,1
1897,ALEWIFE,2,1-2,NOUN,iambic,1
1902,ALEXANDRINE,4,2-0-1-0,NOUN,dactylic,1
1909,ALFALFA,3,2-1-0,NOUN,trochaic,1
1914,ALGAL,2,1-0,ADJECTIVE,trochaic,1
1916,ALGEBRA,3,1-0-0,NOUN,trochaic,1
1917,ALGEBRAIC,4,2-0-1-0,ADJECTIVE,dactylic,1
1918,ALGEBRAICALLY,5,2-0-1-0-0,ADVERB,dactylic,1
1921,ALGERIA,4,0-1-0-0,NOUN,anapestic,1
1922,ALGERIAN,4,0-1-0-0,NOUN,anapestic,1
1926,ALGIERS,2,0-1,NOUN,iambic,1
1929,ALGOL,2,1-0,NOUN,trochaic,1
1936,ALGONQUIAN,4,0-1-0-0,NOUN,anapestic,1
1940,ALGORITHM,4,1-0-2-0,NOUN,iambic,1
1941,ALGORITHMIC,5,1-0-2-0-0,ADJECTIVE,iambic,1
1944,ALIAS,3,1-0-0,NOUN,trochaic,1
1945,ALIBI,3,1-0-2,NOUN,iambic,1
1947,ALIEN,3,1-0-0,ADJECTIVE,trochaic,1
1950,ALIENATE,3,1-0-2,VERB,iambic,1
1951,ALIENATED,5,1-0-0-2-0,ADJECTIVE,iambic,2
1952,ALIENATING,5,1-0-0-2-0,ADJECTIVE,iambic,2
1953,ALIENATION,5,2-0-0-1-0,NOUN,dactylic,2
1960,ALIGHT,2,0-1,ADJECTIVE,iambic,1
1961,ALIGN,2,0-1,VERB,iambic,1
1962,ALIGNED,2,0-1,ADJECTIVE,iambic,1
1963,ALIGNING,3,0-1-0,ADJECTIVE,anapestic,1
1964,ALIGNMENT,3,0-1-0,NOUN,anapestic,1
1966,ALIKE,2,0-1,ADJECTIVE,iambic,1
1968,ALIMENTARY,5,2-0-1-0-0,ADJECTIVE,dactylic,1
1971,ALIMONY,4,1-0-2-0,NOUN,iambic,1
1985,ALIVE,2,0-1,ADJECTIVE,iambic,1
1988,ALKAHEST,3,1-0-2,NOUN,iambic,1
1992,ALKALI,3,1-0-2,NOUN,iambic,1
1994,ALKALINE,3,1-0-2,ADJECTIVE,iambic,1
1995,ALKALINITY,5,2-0-1-0-0,NOUN,dactylic,1
1997,ALKALOID,3,1-0-2,NOUN,iambic,1
1998,ALKALOIDAL,4,0-0-1-0,ADJECTIVE,anapestic,1
2001,ALKENE,2,1-2,NOUN,iambic,1
2006,ALL,1,0,PRONOUN,none,0
2009,ALLAH,2,1-0,NOUN,trochaic,1
2015,ALLAY,2,0-1,VERB,iambic,1
2020,ALLEGATION,4,2-0-1-0,NOUN,dactylic,1
2021,ALLEGE,2,0-1,VERB,iambic,1
2023,ALLEGED,2,0-1,ADJECTIVE,iambic,1
2024,ALLEGEDLY,4,0-1-0-0,ADVERB,anapestic,1
2025,ALLEGHENIES,4,2-0-1-0,NOUN,dactylic,1
2026,ALLEGIANCE,3,0-1-0,NOUN,anapestic,1
2028,ALLEGORICAL,5,2-0-1-0-0,ADJECTIVE,dactylic,1
2031,ALLEGORY,4,1-0-2-0,NOUN,iambic,1
2034,ALLEGRO,3,0-1-2,NOUN,iambic,1
2035,ALLELE,3,0-1-0,NOUN,anapestic,1
2036,ALLELIC,3,0-1-0,ADJECTIVE,anapestic,1
2041,ALLERGEN,3,1-0-0,NOUN,trochaic,1
2042,ALLERGENIC,4,1-0-0-0,ADJECTIVE,trochaic,1
2043,ALLERGIC,3,0-1-0,ADJECTIVE,anapestic,1
2044,ALLERGIST,3,1-0-0,NOUN,trochaic,1
2046,ALLERGY,3,1-0-0,NOUN,trochaic,1
2047,ALLEVIATE,4,0-1-0-2,VERB,iambic,1
2048,ALLEVIATED,5,0-1-0-2-0,ADJECTIVE,anapestic,1
2049,ALLEVIATION,5,0-2-0-1-0,NOUN,dactylic,1
2051,ALLEY,2,1-0,NOUN,trochaic,1
2060,ALLIANCE,3,0-1-0,NOUN,anapestic,1
2062,ALLIED,2,0-1,ADJECTIVE,iambic,1
2063,ALLIES,2,1-0,NOUN,trochaic,1
2065,ALLIGATOR,4,1-0-2-0,NOUN,iambic,1
2073,ALLITERATION,5,0-1-0-2-0,NOUN,anapestic,1
2074,ALLITERATIVE,5,0-1-0-0-0,ADJECTIVE,anapestic,1
2082,ALLOCATION,4,2-0-1-0,NOUN,dactylic,1
2090,ALLOGRAPH,3,1-0-2,NOUN,iambic,1
2096,ALLOMORPH,3,1-0-0,NOUN,trochaic,1
2102,ALLOPHONE,3,1-0-2,NOUN,iambic,1
2103,ALLOPHONIC,4,2-0-1-0,ADJECTIVE,dactylic,1
2107,ALLOT,2,0-1,VERB,iambic,1
2108,ALLOTMENT,3,0-1-0,NOUN,anapestic,1
2109,ALLOTROPE,3,1-0-2,NOUN,iambic,1
2112,ALLOTTED,3,0-1-0,ADJECTIVE,anapestic,1
2114,ALLOW,2,0-1,VERB,iambic,1
2115,ALLOWABLE,4,0-1-0-0,ADJECTIVE,anapestic,1
2116,ALLOWANCE,3,0-1-0,NOUN,anapestic,1
2117,ALLOWANCES,4,0-1-0-0,NOUN,anapestic,1
2118,ALLOWED,2,0-1,ADJECTIVE,iambic,1
2119,ALLOY,2,1-2,NOUN,iambic,1
2125,ALLSPICE,2,1-2,NOUN,iambic,1
2126,ALLUDE,2,0-1,VERB,iambic,1
2127,ALLURE,2,0-1,NOUN,iambic,1
2129,ALLURING,3,0-1-0,ADJECTIVE,anapestic,1
2130,ALLUSION,3,0-1-0,NOUN,anapestic,1
2131,ALLUSIVE,3,0-1-0,ADJECTIVE,anapestic,1
2133,ALLUVIAL,4,2-1-0-0,ADJECTIVE,trochaic,1
2135,ALLUVIUM,4,2-1-0-0,NOUN,trochaic,1
2137,ALLY,2,1-0,NOUN,trochaic,1
2141,ALMANAC,3,1-0-2,NOUN,iambic,1
2147,ALMIGHTY,3,0-1-0,ADJECTIVE,anapestic,1
2148,ALMOND,2,1-0,NOUN,trochaic,1
2149,ALMONER,3,1-0-0,NOUN,trochaic,1
2150,ALMOST,2,1-2,ADVERB,iambic,1
2151,ALMS,1,1,NOUN,none,1
2161,ALOE,2,1-2,NOUN,iambic,1
2164,ALOFT,2,0-1,ADVERB,iambic,1
2166,ALOHA,3,0-1-0,NOUN,anapestic,1
2167,ALONE,2,0-1,ADJECTIVE,iambic,1
2169,ALONG,2,0-1,PREPOSITION,iambic,1
2170,ALONGSIDE,3,0-1-1,PREPOSITION,iambic,2
2171,ALOOF,2,0-1,ADJECTIVE,iambic,1
2172,ALOOFNESS,3,0-1-0,NOUN,anapestic,1
2181,ALOUD,2,0-1,ADVERB,iambic,1
2183,ALPACA,3,0-1-0,NOUN,anapestic,1
2186,ALPHA,2,1-0,NOUN,trochaic,1
2187,ALPHABET,3,1-0-2,NOUN,iambic,1
2189,ALPHABETIC,4,2-0-1-0,ADJECTIVE,dactylic,1
2190,ALPHABETICAL,5,2-0-1-0-0,ADJECTIVE,dactylic,1
2191,ALPHABETICALLY,5,2-0-1-0-0,ADVERB,dactylic,1
2192,ALPHABETISATION,6,2-0-2-0-1-0,NOUN,trochaic,2
2193,ALPHABETISED,4,1-0-0-2,ADJECTIVE,iambic,2
2194,ALPHANUMERIC,5,2-0-0-1-0,ADJECTIVE,dactylic,2
2197,ALPINE,2,1-2,ADJECTIVE,iambic,1
2201,ALPS,1,1,NOUN,none,1
2202,ALREADY,3,0-1-0,ADVERB,anapestic,1
2203,ALRIGHT,2,2-1,ADJECTIVE,trochaic,1
2205,ALSACE,2,0-1,NOUN,iambic,1
2207,ALSATIAN,3,0-1-0,NOUN,anapestic,1
2208,ALSO,2,1-0,ADVERB,trochaic,1
2217,ALTAIC,3,0-1-0,NOUN,anapestic,1
2218,ALTAR,2,1-0,NOUN,trochaic,1
2219,ALTARPIECE,3,1-0-2,NOUN,iambic,1
2222,ALTER,2,1-0,VERB,trochaic,1
2223,ALTERA,3,2-1-0,ADJECTIVE,trochaic,1
2228,ALTERATION,4,2-0-1-0,NOUN,dactylic,1
2230,ALTERCATION,4,2-0-1-0,NOUN,dactylic,1
2232,ALTERED,2,1-0,ADJECTIVE,trochaic,1
2237,ALTERNATE,3,1-0-0,ADJECTIVE,trochaic,1
2238,ALTERNATELY,4,1-0-0-0,ADVERB,trochaic,1
2240,ALTERNATING,4,1-0-2-0,ADJECTIVE,iambic,1
2241,ALTERNATION,4,1-0-2-0,NOUN,iambic,1
2242,ALTERNATIVE,4,0-1-0-0,ADJECTIVE,anapestic,1
2243,ALTERNATIVELY,5,0-1-0-0-0,ADVERB,anapestic,1
2245,ALTERNATOR,4,1-0-2-0,NOUN,iambic,1
2248,ALTHEA,3,0-1-0,NOUN,anapestic,1
2250,ALTHOUGH,2,2-1,CONJUNCTION,trochaic,1
2253,ALTIMETER,4,0-1-0-0,NOUN,anapestic,1
2254,ALTIMETRY,4,0-1-0-0,ADVERB,anapestic,1
2256,ALTITUDE,3,1-0-2,NOUN,iambic,1
2259,ALTO,2,1-0,NOUN,trochaic,1
2262,ALTOGETHER,4,2-0-1-0,ADVERB,dactylic,1
2267,ALTRUISM,4,1-0-2-0,NOUN,iambic,1
2269,ALTRUISTIC,4,2-0-1-0,ADJECTIVE,dactylic,1
2273,ALUM,2,1-0,NOUN,trochaic,1
2274,ALUMINA,4,0-1-0-0,NOUN,anapestic,1
2276,ALUMINUM,4,0-1-0-0,NOUN,anapestic,1
2277,ALUMNUS,3,0-1-0,NOUN,anapestic,1
2281,ALVEOLAR,4,0-1-0-0,ADJECTIVE,anapestic,1
2286,ALWAYS,2,1-2,ADVERB,iambic,1
2289,AM,1,1,VERB,none,0
2292,AMADOU,3,1-0-2,NOUN,iambic,1
2296,AMALGAM,3,0-1-0,NOUN,anapestic,1
2297,AMALGAMATE,4,0-1-0-2,ADJECTIVE,iambic,1
2298,AMALGAMATED,5,0-1-0-2-0,ADJECTIVE,anapestic,1
2299,AMALGAMATION,5,0-2-0-1-0,NOUN,dactylic,1
2306,AMARANTH,3,1-0-2,NOUN,iambic,1
2314,AMARYLLIS,4,2-0-1-0,NOUN,dactylic,1
2316,AMASS,2,0-1,VERB,iambic,1
2317,AMASSED,2,0-1,VERB,iambic,1
2320,AMATEUR,3,1-0-2,NOUN,iambic,1
2321,AMATEURISH,4,1-0-2-0,ADJECTIVE,iambic,1
2324,AMATEURISM,5,1-0-2-0-0,NOUN,iambic,1
2330,AMAZE,2,0-1,VERB,iambic,1
2331,AMAZED,2,0-1,ADJECTIVE,iambic,1
2333,AMAZEMENT,3,0-1-0,NOUN,anapestic,1
2334,AMAZING,3,0-1-0,ADJECTIVE,anapestic,1
2335,AMAZINGLY,4,0-1-0-0,ADVERB,anapestic,1
2336,AMAZON,3,1-0-2,NOUN,iambic,1
2340,AMBASSADOR,4,0-1-0-0,NOUN,anapestic,1
2341,AMBASSADORIAL,6,0-2-0-1-0-0,ADJECTIVE,dactylic,1
2342,AMBASSADORSHIP,5,0-1-0-0-2,NOUN,iambic,2
2343,AMBASSADRESS,4,0-1-0-0,NOUN,anapestic,1
2344,AMBER,2,1-0,NOUN,trochaic,1
2347,AMBERGRIS,3,1-0-0,NOUN,trochaic,1
2349,AMBIANCE,3,1-0-0,NOUN,trochaic,1
2353,AMBIDEXTROUS,4,2-0-1-0,ADJECTIVE,dactylic,1
2355,AMBIENT,3,1-0-0,ADJECTIVE,trochaic,1
2358,AMBIGUITY,5,2-0-1-0-0,NOUN,dactylic,1
2359,AMBIGUOUS,4,0-1-0-0,ADJECTIVE,anapestic,1
2364,AMBITION,3,0-1-0,NOUN,anapestic,1
2365,AMBITIOUS,3,0-1-0,ADJECTIVE,anapestic,1
2366,AMBITIOUSLY,4,0-1-0-0,ADVERB,anapestic,1
2367,AMBIVALENCE,4,0-1-0-0,NOUN,anapestic,1
2368,AMBIVALENT,4,0-1-0-0,ADJECTIVE,anapestic,1
2371,AMBLE,2,1-0,NOUN,trochaic,1
2379,AMBROSIA,3,0-1-0,NOUN,anapestic,1
2381,AMBROSIAL,3,0-1-0,ADJECTIVE,anapestic,1
2384,AMBULANCE,3,1-0-0,NOUN,trochaic,1
2387,AMBULATORY,5,1-0-0-2-0,NOUN,iambic,2
2389,AMBUSH,2,1-2,NOUN,iambic,1
2403,AMELIA,3,0-1-0,NOUN,anapestic,1
2404,AMELIORATE,4,0-1-0-2,VERB,iambic,1
2405,AMELIORATION,5,0-2-0-1-0,NOUN,dactylic,1
2408,AMEN,2,0-1,NOUN,iambic,1
2410,AMENABLE,4,0-1-0-0,ADJECTIVE,anapestic,1
2411,AMEND,2,0-1,VERB,iambic,1
2412,AMENDABLE,4,0-1-0-0,ADJECTIVE,anapestic,1
2415,AMENDED,3,0-1-0,ADJECTIVE,anapestic,1
2416,AMENDMENT,3,0-1-0,NOUN,anapestic,1
2417,AMENDS,2,0-1,NOUN,iambic,1
2418,AMENITY,4,0-1-0-0,ADVERB,anapestic,1
2429,AMERICA,4,0-1-0-0,NOUN,anapestic,1
2431,AMERICAN,4,0-1-0-0,NOUN,anapestic,1
2432,AMERICANA,5,0-2-0-1-0,NOUN,dactylic,1
2433,AMERICANISM,6,0-1-0-0-2-0,NOUN,anapestic,2
2434,AMERICANISATION,7,0-2-0-0-0-1-0,NOUN,dactylic,2
2435,AMERICANISE,5,0-1-0-0-2,VERB,iambic,2
2436,AMERICIUM,5,0-0-1-2-0,NOUN,anapestic,1
2438,AMERINDIAN,5,2-0-1-0-0,NOUN,dactylic,1
2440,AMETHYST,3,1-0-0,NOUN,trochaic,1
2446,AMHARIC,3,0-1-0,NOUN,anapestic,1
2448,AMIABILITY,6,2-0-0-1-0-0,ADVERB,dactylic,2
2449,AMIABLE,4,1-0-0-0,ADJECTIVE,trochaic,1
2454,AMICABLE,4,1-0-0-0,ADJECTIVE,trochaic,1
2455,AMICABLY,4,1-0-0-0,ADVERB,trochaic,1
2462,AMICUS,3,0-1-0,ADJECTIVE,anapestic,1
2463,AMID,2,0-1,PREPOSITION,iambic,1
2464,AMIDE,2,1-2,NOUN,iambic,1
2466,AMIDSHIPS,3,0-1-0,NOUN,anapestic,1
2467,AMIDST,2,0-1,PREPOSITION,iambic,1
2469,AMIGO,3,0-1-2,NOUN,iambic,1
2472,AMINE,2,2-1,NOUN,trochaic,1
2473,AMINO,3,0-1-0,NOUN,anapestic,1
2479,AMIS,2,1-0,NOUN,trochaic,1
2480,AMISH,2,1-0,NOUN,trochaic,1
2481,AMISS,2,0-1,ADJECTIVE,iambic,1
2485,AMITY,3,1-0-0,NOUN,trochaic,1
2486,AMMAN,2,1-0,NOUN,trochaic,1
2487,AMMETER,3,1-2-0,NOUN,iambic,1
2493,AMMONIA,3,0-1-0,NOUN,anapestic,1
2498,AMMONITE,3,1-0-2,NOUN,iambic,1
2500,AMMONIUM,4,0-1-0-0,NOUN,anapestic,1
2503,AMMUNITION,4,2-0-1-0,NOUN,dactylic,1
2504,AMNESIA,3,0-1-0,NOUN,anapestic,1
2507,AMNESTY,3,1-0-0,NOUN,trochaic,1
2508,AMNIOCENTESIS,6,2-0-0-2-1-0,NOUN,dactylic,2
2512,AMNIOTIC,4,1-0-0-0,ADJECTIVE,trochaic,1
2518,AMOEBIC,3,0-1-0,ADJECTIVE,anapestic,1
2520,AMOK,2,0-1,ADJECTIVE,iambic,1
2522,AMONG,2,0-1,PREPOSITION,iambic,1
2523,AMONGST,2,0-1,PREPOSITION,iambic,1
2526,AMORAL,3,0-1-0,ADJECTIVE,anapestic,1
2531,AMORETE,3,1-0-2,NOUN,iambic,1
2532,AMORIST,3,1-0-0,NOUN,trochaic,1
2534,AMOROSO,4,0-0-1-0,ADVERB,anapestic,1
2535,AMOROUS,3,1-0-0,ADJECTIVE,trochaic,1
2541,AMORPHOUS,3,0-1-0,ADJECTIVE,anapestic,1
2543,AMORTISATION,5,2-0-0-1-0,NOUN,dactylic,2
2546,AMOUNT,2,0-1,NOUN,iambic,1
2547,AMOUNTS,2,0-1,NOUN,iambic,1
2548,AMOUR,2,2-1,NOUN,trochaic,1
2550,AMOXICILLIN,5,0-1-0-2-0,NOUN,anapestic,1
2551,AMPERAGE,3,1-2-0,NOUN,iambic,1
2552,AMPERE,2,1-2,NOUN,iambic,1
2553,AMPERSAND,3,1-0-2,NOUN,iambic,1
2554,AMPHETAMINE,4,0-1-0-2,NOUN,iambic,1
2556,AMPHIBIAN,4,0-1-0-0,NOUN,anapestic,1
2558,AMPHIBIOUS,4,0-1-0-0,ADJECTIVE,anapestic,1
2559,AMPHIBOLE,3,1-0-2,NOUN,iambic,1
2582,AMPHITHEATER,5,1-0-0-1-0,NOUN,dactylic,2
2588,AMPHORA,3,1-0-0,NOUN,trochaic,1
2593,AMPLE,2,1-0,ADJECTIVE,trochaic,1
2596,AMPLIFICATION,5,2-0-0-1-0,NOUN,dactylic,2
2597,AMPLIFIER,4,1-0-2-0,NOUN,iambic,1
2598,AMPLIFY,3,1-0-2,VERB,iambic,1
2599,AMPLITUDE,3,1-0-2,NOUN,iambic,1
2601,AMPLY,2,1-0,ADVERB,trochaic,1
2604,AMPUTATE,3,1-0-2,VERB,iambic,1
2605,AMPUTATION,4,2-0-1-0,NOUN,dactylic,1
2606,AMPUTEE,3,1-0-1,NOUN,trochaic,2
2610,AMSTERDAM,3,1-0-2,NOUN,iambic,1
2612,AMUCK,2,0-1,ADJECTIVE,iambic,1
2613,AMULET,3,1-0-0,NOUN,trochaic,1
2616,AMUSE,2,0-1,VERB,iambic,1
2617,AMUSED,2,0-1,ADJECTIVE,iambic,1
2618,AMUSEMENT,3,0-1-0,NOUN,anapestic,1
2619,AMUSING,3,0-1-0,ADJECTIVE,anapestic,1
2620,AMUSINGLY,4,0-1-0-0,ADVERB,anapestic,1
2622,AMYGDALA,4,2-0-1-0,NOUN,dactylic,1
2629,AMYLOID,3,1-0-2,NOUN,iambic,1
2635,AN,1,0,DETERMINER,none,0
2636,ANA,2,1-0,NOUN,trochaic,1
2638,ANABAPTIST,4,2-0-1-0,NOUN,dactylic,1
2642,ANABOLIC,4,2-0-1-0,ADJECTIVE,dactylic,1
2649,ANACHRONISM,5,0-1-0-2-0,NOUN,anapestic,1
2658,ANACONDA,4,2-0-1-0,NOUN,dactylic,1
2666,ANAEROBE,3,1-0-2,NOUN,iambic,1
2667,ANAEROBIC,4,2-0-1-0,ADJECTIVE,dactylic,1
2668,ANAESTHESIA,5,2-0-1-2-0,NOUN,dactylic,2
2669,ANAESTHETIC,4,2-0-1-0,ADJECTIVE,dactylic,1
2680,ANAGRAM,3,1-0-2,NOUN,iambic,1
2685,ANAL,2,1-0,ADJECTIVE,trochaic,1
2692,ANALGESIC,4,2-0-1-0,NOUN,dactylic,1
2693,ANALOG,3,1-0-2,ADJECTIVE,iambic,1
2697,ANALOGOUS,4,0-1-0-0,ADJECTIVE,anapestic,1
2699,ANALOGUE,3,1-0-2,NOUN,iambic,1
2700,ANALOGY,4,0-1-0-0,NOUN,anapestic,1
2702,ANALYSAND,4,0-1-0-2,NOUN,iambic,1
2703,ANALYSIS,4,0-1-0-0,NOUN,anapestic,1
2704,ANALYST,3,1-0-0,NOUN,trochaic,1
2705,ANALYTIC,4,2-0-1-0,ADJECTIVE,dactylic,1
2706,ANALYTICAL,5,2-0-1-0-0,ADJECTIVE,dactylic,1
2707,ANALYTICALLY,5,2-0-1-0-0,ADVERB,dactylic,1
2708,ANALYTICITY,6,2-0-0-1-0-0,ADJECTIVE,dactylic,2
2709,ANALYSABLE,5,1-0-2-0-0,ADJECTIVE,iambic,1
2710,ANALYSE,3,1-0-2,VERB,iambic,1
2711,ANALYSED,3,1-0-2,ADJECTIVE,iambic,1
2712,ANALYSER,4,1-0-2-0,NOUN,iambic,1
2725,ANAPHORA,4,0-1-0-0,NOUN,anapestic,1
2730,ANAPHYLAXIS,5,2-0-0-1-0,NOUN,dactylic,2
2731,ANAPLASIA,4,2-0-1-0,NOUN,dactylic,1
2733,ANAPLASTIC,4,2-0-1-0,ADJECTIVE,dactylic,1
2736,ANARCHIC,3,0-1-0,ADJECTIVE,anapestic,1
2737,ANARCHICAL,4,0-1-0-0,ADJECTIVE,anapestic,1
2740,ANARCHIST,3,1-0-2,NOUN,iambic,1
2742,ANARCHY,3,1-0-2,NOUN,iambic,1
2745,ANAS,2,1-0,NOUN,trochaic,1
2762,ANATHEMA,4,0-1-0-0,NOUN,anapestic,1
2765,ANATOLIAN,5,2-0-1-0-0,NOUN,dactylic,1
2766,ANATOMIC,4,2-0-1-0,ADJECTIVE,dactylic,1
2767,ANATOMICAL,5,2-0-1-0-0,ADJECTIVE,dactylic,1
2768,ANATOMICALLY,5,2-0-1-0-0,ADVERB,dactylic,1
2769,ANATOMIST,4,0-1-0-0,NOUN,anapestic,1
2771,ANATOMY,4,0-1-0-0,NOUN,anapestic,1
2776,ANCESTOR,3,1-2-0,NOUN,iambic,1
2777,ANCESTORS,3,1-2-0,NOUN,iambic,1
2778,ANCESTRAL,3,0-1-0,ADJECTIVE,anapestic,1
2780,ANCESTRY,3,1-0-0,NOUN,trochaic,1
2781,ANCHOR,2,1-0,NOUN,trochaic,1
2783,ANCHORAGE,3,1-0-0,NOUN,trochaic,1
2784,ANCHORED,2,1-0,VERB,trochaic,1
2788,ANCHOVY,3,0-1-0,NOUN,anapestic,1
2791,ANCIENT,2,1-0,NOUN,trochaic,1
2794,ANCILLARY,4,1-0-2-0,ADJECTIVE,iambic,1
2800,AND,1,0,CONJUNCTION,none,0
2801,ANDALUSIA,4,2-0-1-0,NOUN,dactylic,1
2802,ANDALUSIAN,4,2-0-1-0,ADJECTIVE,dactylic,1
2803,ANDANTE,3,0-1-0,NOUN,anapestic,1
2804,ANDANTINO,4,2-2-1-0,ADJECTIVE,trochaic,2
2805,ANDEAN,3,1-0-0,ADJECTIVE,trochaic,1
2806,ANDERSEN,3,1-0-0,NOUN,trochaic,1
2807,ANDES,2,1-0,NOUN,trochaic,1
2808,ANDESITE,3,1-0-2,NOUN,iambic,1
2811,ANDIRON,3,1-2-0,NOUN,iambic,1
2812,ANDORRA,3,0-1-0,NOUN,anapestic,1
2820,ANDREW,2,1-0,NOUN,trochaic,1
2829,ANDROGYNOUS,4,0-1-0-0,ADJECTIVE,anapestic,1
2830,ANDROGYNY,4,0-1-0-0,NOUN,anapestic,1
2831,ANDROID,2,1-2,NOUN,iambic,1
2832,ANDROMEDA,4,0-1-0-0,NOUN,anapestic,1
2838,ANECDOTAL,4,2-0-1-0,ADJECTIVE,dactylic,1
2839,ANECDOTE,3,1-0-2,NOUN,iambic,1
2845,ANEMIA,4,0-1-0-0,NOUN,anapestic,1
2846,ANEMIC,3,0-1-0,ADJECTIVE,anapestic,1
2849,ANEMOMETER,5,2-0-1-0-0,NOUN,dactylic,1
2852,ANEMONE,3,1-0-2,NOUN,iambic,1
2857,ANENCEPHALIC,5,0-2-0-1-0,ADJECTIVE,dactylic,1
2858,ANENCEPHALY,5,0-0-1-0-0,NOUN,anapestic,1
2863,ANESTHESIA,5,2-0-1-2-0,NOUN,dactylic,2
2864,ANESTHESIOLOGIST,7,2-0-2-0-1-0-0,NOUN,trochaic,2
2865,ANESTHESIOLOGY,7,2-0-0-0-1-0-0,NOUN,dactylic,2
2866,ANESTHETIC,4,2-0-1-0,NOUN,dactylic,1
2874,ANEURYSM,4,1-0-2-0,NOUN,iambic,1
2876,ANEW,2,0-1,ADVERB,iambic,1
2881,ANGEL,2,1-0,NOUN,trochaic,1
2882,ANGELFISH,3,1-0-2,NOUN,iambic,1
2883,ANGELIC,3,2-1-0,ADJECTIVE,trochaic,1
2884,ANGELICA,4,0-1-0-0,NOUN,anapestic,1
2885,ANGELICALLY,4,0-1-0-0,ADVERB,anapestic,1
2888,ANGELS,2,1-0,NOUN,trochaic,1
2890,ANGER,2,1-0,NOUN,trochaic,1
2891,ANGERED,2,1-0,ADJECTIVE,trochaic,1
2894,ANGINA,3,0-1-0,NOUN,anapestic,1
2899,ANGIOGRAM,4,1-2-0-2,NOUN,iambic,2
2907,ANGIOPLASTY,5,2-2-0-1-0,NOUN,trochaic,2
2913,ANGIOTENSIN,5,2-2-0-1-0,NOUN,trochaic,2
2916,ANGLE,2,1-0,NOUN,trochaic,1
2917,ANGLED,2,1-0,ADJECTIVE,trochaic,1
2919,ANGLER,2,1-0,NOUN,trochaic,1
2920,ANGLES,2,1-0,NOUN,trochaic,1
2924,ANGLICAN,3,1-0-0,NOUN,trochaic,1
2928,ANGLICISE,3,1-0-2,VERB,iambic,1
2929,ANGLING,2,1-0,NOUN,trochaic,1
2931,ANGLOPHILE,3,1-0-2,NOUN,iambic,1
2937,ANGOLA,3,0-1-0,NOUN,anapestic,1
2938,ANGOLAN,3,1-0-0,NOUN,trochaic,1
2940,ANGORA,3,0-1-0,NOUN,anapestic,1
2942,ANGRILY,3,1-0-0,ADVERB,trochaic,1
2943,ANGRY,2,1-0,ADJECTIVE,trochaic,1
2944,ANGST,1,1,NOUN,none,1
2945,ANGSTROM,2,1-0,NOUN,trochaic,1
2948,ANGUILLA,3,2-1-0,NOUN,trochaic,1
2956,ANGUISH,2,1-0,NOUN,trochaic,1
2957,ANGUISHED,2,1-0,ADJECTIVE,trochaic,1
2958,ANGULAR,3,1-0-0,ADJECTIVE,trochaic,1
2961,ANGULATE,3,1-0-2,ADJECTIVE,iambic,1
2973,ANHYDRIDE,3,0-1-0,NOUN,anapestic,1
2981,ANILINE,3,1-0-2,NOUN,iambic,1
2986,ANIMAL,3,1-0-0,NOUN,trochaic,1
2995,ANIMALS,3,1-0-0,NOUN,trochaic,1
2998,ANIMATE,3,1-0-0,ADJECTIVE,trochaic,1
2999,ANIMATED,4,1-0-2-0,ADJECTIVE,iambic,1
3002,ANIMATING,4,2-0-1-0,ADJECTIVE,dactylic,1
3003,ANIMATION,4,2-0-1-0,NOUN,dactylic,1
3008,ANIME,3,2-0-1,NOUN,dactylic,1
3011,ANIMISM,4,1-0-2-0,NOUN,iambic,1
3012,ANIMIST,3,1-0-0,NOUN,trochaic,1
3015,ANIMOSITY,5,2-0-1-0-0,NOUN,dactylic,1
3016,ANIMUS,3,1-0-0,NOUN,trochaic,1
3017,ANION,3,1-2-0,NOUN,iambic,1
3019,ANISE,2,1-0,NOUN,trochaic,1
3022,ANISETTE,3,2-0-1,NOUN,dactylic,1
3034,ANKARA,3,1-0-0,NOUN,trochaic,1
3036,ANKLE,2,1-0,NOUN,trochaic,1
3037,ANKLEBONE,3,1-0-2,NOUN,iambic,1
3038,ANKLET,2,1-0,NOUN,trochaic,1
3043,ANNA,2,1-0,NOUN,trochaic,1
3046,ANNALS,2,1-0,NOUN,trochaic,1
3047,ANNAPOLIS,4,0-1-0-0,NOUN,anapestic,1
3050,ANNEAL,2,0-1,VERB,iambic,1
3052,ANNEALING,3,0-1-0,NOUN,anapestic,1
3053,ANNELID,3,1-0-0,NOUN,trochaic,1
3055,ANNEX,2,1-2,NOUN,iambic,1
3056,ANNEXATION,4,2-0-1-0,NOUN,dactylic,1
3064,ANNIHILATE,4,0-1-0-2,VERB,iambic,1
3065,ANNIHILATED,5,0-1-0-2-0,ADJECTIVE,anapestic,1
3066,ANNIHILATING,5,0-1-0-2-0,ADJECTIVE,anapestic,1
3067,ANNIHILATION,5,0-2-0-1-0,NOUN,dactylic,1
3071,ANNIVERSARY,5,2-0-1-0-0,NOUN,dactylic,1
3075,ANNOTATE,3,1-0-2,VERB,iambic,1
3076,ANNOTATION,4,2-0-1-0,NOUN,dactylic,1
3077,ANNOTATOR,4,2-0-1-0,NOUN,dactylic,1
3079,ANNOUNCE,2,0-1,VERB,iambic,1
3080,ANNOUNCED,2,0-1,ADJECTIVE,iambic,1
3081,ANNOUNCEMENT,3,0-1-0,NOUN,anapestic,1
3082,ANNOUNCER,3,0-1-0,NOUN,anapestic,1
3083,ANNOY,2,0-1,VERB,iambic,1
3084,ANNOYANCE,3,0-1-0,NOUN,anapestic,1
3085,ANNOYED,2,0-1,ADJECTIVE,iambic,1
3086,ANNOYING,3,0-1-0,ADJECTIVE,anapestic,1
3088,ANNUAL,3,1-0-0,NOUN,trochaic,1
3089,ANNUALLY,4,1-0-0-0,ADVERB,trochaic,1
3091,ANNUITY,4,0-1-0-0,NOUN,anapestic,1
3092,ANNUL,2,1-0,VERB,trochaic,1
3093,ANNULAR,3,1-0-0,ADJECTIVE,trochaic,1
3095,ANNULMENT,3,1-0-0,NOUN,trochaic,1
3097,ANNUM,2,1-0,NOUN,trochaic,1
3106,ANODE,2,1-2,NOUN,iambic,1
3112,ANOINT,2,0-1,VERB,iambic,1
3113,ANOINTED,3,0-1-0,ADJECTIVE,anapestic,1
3123,ANOMALOUS,4,0-1-0-0,ADJECTIVE,anapestic,1
3126,ANOMALY,4,0-1-0-0,NOUN,anapestic,1
3128,ANOMIE,3,1-0-0,NOUN,trochaic,1
3130,ANON,2,2-1,ADVERB,trochaic,1
3131,ANONYMITY,5,2-0-1-0-0,NOUN,dactylic,1
3132,ANONYMOUS,4,0-1-0-0,ADJECTIVE,anapestic,1
3133,ANONYMOUSLY,5,0-1-0-0-0,ADVERB,anapestic,1
3135,ANOPHELES,4,0-1-0-2,NOUN,iambic,1
3142,ANOREXIA,5,2-0-1-0-0,NOUN,dactylic,1
3143,ANOREXIC,4,2-0-1-0,NOUN,dactylic,1
3146,ANORTHITE,3,0-1-2,NOUN,iambic,1
3152,ANOTHER,3,0-1-0,PRONOUN,anapestic,1
3167,ANSWER,2,1-0,NOUN,trochaic,1
3168,ANSWERABLE,4,1-0-0-0,ADJECTIVE,trochaic,1
3169,ANSWERING,3,1-0-0,ADJECTIVE,trochaic,1
3170,ANSWERS,2,1-0,VERB,trochaic,1
3171,ANT,1,1,NOUN,none,1
3172,ANTACID,3,0-1-0,NOUN,anapestic,1
3174,ANTAGONISM,5,0-1-0-2-0,NOUN,anapestic,1
3175,ANTAGONIST,4,0-1-0-0,NOUN,anapestic,1
3176,ANTAGONISTIC,5,0-2-0-1-0,ADJECTIVE,dactylic,1
3178,ANTAGONISE,4,0-1-0-2,VERB,iambic,1
3179,ANTAGONISING,5,0-1-0-2-0,VERB,anapestic,1
3183,ANTARCTIC,3,0-1-0,NOUN,anapestic,1
3184,ANTARCTICA,4,2-1-0-0,NOUN,trochaic,1
3185,ANTARES,3,0-1-0,NOUN,anapestic,1
3187,ANTE,2,1-0,NOUN,trochaic,1
3188,ANTEATER,3,1-2-0,NOUN,iambic,1
3189,ANTEBELLUM,4,2-0-1-0,ADJECTIVE,dactylic,1
3192,ANTECEDENT,4,2-1-0-0,NOUN,trochaic,1
3199,ANTELOPE,3,1-0-2,NOUN,iambic,1
3200,ANTEMERIDIAN,6,2-0-0-1-0-0,ADJECTIVE,dactylic,2
3201,ANTEMORTEM,4,0-0-1-0,ADJECTIVE,anapestic,1
3203,ANTENNA,3,0-1-0,NOUN,anapestic,1
3212,ANTERIOR,4,0-1-0-0,ADJECTIVE,anapestic,1
3220,ANTHEM,2,1-0,NOUN,trochaic,1
3232,ANTHILL,2,1-2,NOUN,iambic,1
3237,ANTHOLOGIST,4,0-1-0-2,NOUN,iambic,1
3238,ANTHOLOGY,4,0-1-0-2,NOUN,iambic,1
3245,ANTHRACITE,3,1-0-2,NOUN,iambic,1
3248,ANTHRAX,2,1-0,NOUN,trochaic,1
3251,ANTHROPOCENTRIC,5,2-0-0-1-0,ADJECTIVE,dactylic,2
3260,ANTHROPOLOGICAL,6,2-0-0-1-0-0,ADJECTIVE,dactylic,2
3261,ANTHROPOLOGIST,5,2-0-1-0-0,NOUN,dactylic,1
3262,ANTHROPOLOGY,5,2-0-1-0-0,NOUN,dactylic,1
3266,ANTHROPOMORPHIC,5,2-0-0-1-0,ADJECTIVE,dactylic,2
3267,ANTHROPOMORPHISM,6,2-0-0-1-0-0,NOUN,dactylic,2
3276,ANTI,2,1-2,NOUN,iambic,1
3278,ANTIAIRCRAFT,4,2-0-1-2,NOUN,dactylic,2
3281,ANTIBACTERIAL,6,2-0-0-1-0-0,NOUN,dactylic,2
3283,ANTIBIOTIC,5,2-0-0-1-0,NOUN,dactylic,2
3284,ANTIBODY,4,1-0-2-0,NOUN,iambic,1
3285,ANTIC,2,1-0,NOUN,trochaic,1
3286,ANTICANCER,4,2-2-1-0,ADJECTIVE,trochaic,2
3295,ANTICIPATE,4,0-1-0-2,VERB,iambic,1
3296,ANTICIPATED,5,0-1-0-2-0,ADJECTIVE,anapestic,1
3297,ANTICIPATION,5,0-2-0-1-0,NOUN,dactylic,1
3298,ANTICIPATORY,6,0-1-0-0-2-0,ADJECTIVE,anapestic,2
3299,ANTICLIMACTIC,5,2-0-0-1-0,ADJECTIVE,dactylic,2
3306,ANTICYCLONE,4,2-0-1-2,NOUN,dactylic,2
3308,ANTIDEPRESSANT,5,2-0-0-1-0,NOUN,dactylic,2
3315,ANTIDOTE,3,1-0-2,NOUN,iambic,1
3325,ANTIFREEZE,3,1-0-2,NOUN,iambic,1
3326,ANTIFUNGAL,4,2-2-1-0,NOUN,trochaic,2
3327,ANTIGEN,3,1-0-0,NOUN,trochaic,1
3329,ANTIGONE,4,0-1-0-0,NOUN,anapestic,1
3334,ANTIGUA,3,0-1-0,NOUN,anapestic,1
3337,ANTIHISTAMINE,5,2-0-1-0-0,NOUN,dactylic,1
3340,ANTIKNOCK,3,2-0-1,NOUN,dactylic,1
3342,ANTILLES,3,0-1-0,NOUN,anapestic,1
3367,ANTINOMY,4,0-1-0-2,NOUN,iambic,1
3370,ANTIOXIDANT,5,2-0-1-0-0,NOUN,dactylic,1
3373,ANTIPASTO,4,2-0-1-0,NOUN,dactylic,1
3375,ANTIPATHY,4,0-1-0-0,NOUN,anapestic,1
3376,ANTIPERSONNEL,5,0-2-0-0-1,ADJECTIVE,dactylic,2
3379,ANTIPHON,3,1-0-2,NOUN,iambic,1
3383,ANTIPODAL,4,2-1-2-0,NOUN,dactylic,2
3384,ANTIPODE,3,2-0-2,NOUN,trochaic,2
3386,ANTIPODES,4,2-0-2-0,NOUN,trochaic,2
3398,ANTIQUATED,4,1-0-2-0,ADJECTIVE,iambic,1
3399,ANTIQUE,2,0-1,NOUN,iambic,1
3401,ANTIQUITY,4,0-1-0-0,NOUN,anapestic,1
3405,ANTISEPTIC,4,2-0-1-0,NOUN,dactylic,1
3407,ANTISOCIAL,4,2-0-1-0,ADJECTIVE,dactylic,1
3412,ANTISUBMARINE,5,2-0-1-0-2,ADJECTIVE,dactylic,2
3414,ANTITANK,3,2-0-1,ADJECTIVE,dactylic,1
3416,ANTITHESIS,4,0-1-0-0,NOUN,anapestic,1
3418,ANTITHETICAL,5,2-0-1-0-0,ADJECTIVE,dactylic,1
3422,ANTITOXIN,4,2-0-1-0,NOUN,dactylic,1
3428,ANTIVIRAL,4,2-0-1-0,NOUN,dactylic,1
3429,ANTLER,2,1-0,NOUN,trochaic,1
3430,ANTLERED,2,1-0,ADJECTIVE,trochaic,1
3433,ANTONY,3,1-0-0,NOUN,trochaic,1
3443,ANUBIS,3,0-1-0,NOUN,anapestic,1
3449,ANUS,2,1-0,NOUN,trochaic,1
3450,ANVIL,2,1-0,NOUN,trochaic,1
3451,ANXIETY,4,0-1-0-0,NOUN,anapestic,1
3453,ANXIOUS,2,1-0,ADJECTIVE,trochaic,1
3455,ANXIOUSLY,3,1-0-0,ADVERB,trochaic,1
3458,ANY,2,0,PRONOUN,trochaic,1
3459,ANYBODY,4,1-0-0-0,PRONOUN,trochaic,1
3460,ANYHOW,3,1-0-2,ADVERB,iambic,1
3461,ANYMORE,3,2-0-1,ADVERB,dactylic,1
3462,ANYTHING,3,1-0-2,PRONOUN,iambic,1
3463,ANYWHERE,3,1-0-2,DETERMINER,iambic,1
3467,AORTA,3,0-1-0,NOUN,anapestic,1
3471,APACE,2,0-1,ADVERB,iambic,1
3472,APACHE,3,0-1-0,NOUN,anapestic,1
3474,APALACHICOLA,6,2-0-2-0-1-0,NOUN,trochaic,2
3477,APART,2,0-1,ADJECTIVE,iambic,1
3478,APARTHEID,3,0-1-2,NOUN,iambic,1
3479,APARTMENT,3,0-1-0,NOUN,anapestic,1
3480,APARTMENTS,3,0-1-0,NOUN,anapestic,1
3481,APATHETIC,4,2-0-1-0,ADJECTIVE,dactylic,1
3483,APATHY,3,1-0-0,NOUN,trochaic,1
3484,APATITE,3,1-0-2,NOUN,iambic,1
3489,APE,1,1,NOUN,none,1
3493,APERCU,3,1-0-2,NOUN,iambic,1
3499,APERITIF,4,0-2-0-1,NOUN,dactylic,1
3502,APERTURE,3,1-0-0,NOUN,trochaic,1
3504,APES,1,1,NOUN,none,1
3506,APEX,2,1-2,NOUN,iambic,1
3514,APHASIA,3,0-1-0,NOUN,anapestic,1
3521,APHID,2,1-0,NOUN,trochaic,1
3529,APHORISM,4,1-0-2-0,NOUN,iambic,1
3535,APHRODISIAC,5,2-0-1-0-0,NOUN,dactylic,1
3536,APHRODITE,4,2-0-1-0,NOUN,dactylic,1
3542,APIA,3,1-0-2,NOUN,iambic,1
3547,APICAL,3,1-0-0,ADJECTIVE,trochaic,1
3554,APIECE,2,0-1,ADVERB,iambic,1
3555,APING,2,1-0,ADJECTIVE,trochaic,1
3570,APLOMB,2,0-1,NOUN,iambic,1
3573,APNEA,3,1-0-0,NOUN,trochaic,1
3576,APOCALYPSE,4,0-1-0-2,NOUN,iambic,1
3577,APOCALYPTIC,5,0-2-0-1-0,ADJECTIVE,dactylic,1
3583,APOCRYPHAL,4,0-1-0-0,ADJECTIVE,anapestic,1
3601,APOGEE,3,1-0-2,NOUN,iambic,1
3608,APOLITICAL,5,2-0-1-0-0,ADJECTIVE,dactylic,1
3609,APOLLO,3,0-1-0,NOUN,anapestic,1
3611,APOLOGETIC,5,0-2-0-1-0,ADJECTIVE,dactylic,1
3612,APOLOGETICALLY,6,0-2-0-1-0-2,ADVERB,trochaic,2
3614,APOLOGIST,4,0-1-0-0,NOUN,anapestic,1
3615,APOLOGISE,4,0-1-0-2,VERB,iambic,1
3617,APOLOGY,4,0-1-0-2,NOUN,iambic,1
3629,APOPLECTIC,4,2-0-1-0,ADJECTIVE,dactylic,1
3630,APOPLEXY,4,1-0-2-0,ADVERB,iambic,1
3637,APOSTATE,3,0-1-0,ADJECTIVE,anapestic,1
3639,APOSTLE,3,0-1-0,NOUN,anapestic,1
3640,APOSTLES,3,0-1-0,NOUN,anapestic,1
3642,APOSTOLIC,4,2-0-1-0,ADJECTIVE,dactylic,1
3644,APOSTROPHE,4,0-1-0-2,NOUN,iambic,1
3648,APOTHECARY,5,0-1-0-2-0,NOUN,anapestic,1
3653,APOTHEOSIS,5,0-2-0-1-0,NOUN,dactylic,1
3656,APPALACHIA,5,2-0-1-0-0,NOUN,dactylic,1
3657,APPALACHIAN,4,2-0-1-0,NOUN,dactylic,1
3658,APPALACHIANS,4,2-0-1-0,NOUN,dactylic,1
3659,APPALL,2,0-1,VERB,iambic,1
3660,APPALLING,3,0-1-0,NOUN,anapestic,1
3661,APPALLINGLY,4,0-1-0-0,ADVERB,anapestic,1
3664,APPARATUS,4,2-0-1-0,NOUN,dactylic,1
3665,APPAREL,3,0-1-0,NOUN,anapestic,1
3667,APPARENT,3,0-1-0,ADJECTIVE,anapestic,1
3668,APPARENTLY,4,0-1-0-0,ADVERB,anapestic,1
3670,APPARITION,4,2-0-1-0,NOUN,dactylic,1
3675,APPEAL,2,0-1,NOUN,iambic,1
3676,APPEALABLE,4,0-1-0-0,ADJECTIVE,anapestic,1
3677,APPEALING,3,0-1-0,ADJECTIVE,anapestic,1
3678,APPEALINGLY,4,0-1-0-0,ADVERB,anapestic,1
3679,APPEAR,2,0-1,VERB,iambic,1
3680,APPEARANCE,3,0-1-0,NOUN,anapestic,1
3681,APPEARANCES,4,0-1-0-0,NOUN,anapestic,1
3683,APPEASE,2,0-1,VERB,iambic,1
3684,APPEASEMENT,3,0-1-0,NOUN,anapestic,1
3689,APPELLANT,3,0-1-0,NOUN,anapestic,1
3690,APPELLATE,3,0-1-0,ADJECTIVE,anapestic,1
3691,APPELLATION,4,2-0-1-0,NOUN,dactylic,1
3693,APPEND,2,0-1,VERB,iambic,1
3694,APPENDAGE,3,0-1-0,NOUN,anapestic,1
3697,APPENDECTOMY,5,2-0-1-0-0,NOUN,dactylic,1
3698,APPENDICITIS,5,0-2-2-1-0,NOUN,dactylic,2
3702,APPENDIX,3,0-1-0,NOUN,anapestic,1
3711,APPETITE,3,1-0-2,NOUN,iambic,1
3716,APPETISER,4,1-0-2-0,NOUN,iambic,1
3717,APPETISING,4,1-0-2-0,ADJECTIVE,iambic,1
3720,APPLAUD,2,0-1,VERB,iambic,1
3722,APPLAUSE,2,0-1,NOUN,iambic,1
3723,APPLE,2,1-0,NOUN,trochaic,1
3727,APPLES,2,1-0,NOUN,trochaic,1
3728,APPLESAUCE,3,1-0-2,NOUN,iambic,1
3729,APPLET,2,1-0,NOUN,trochaic,1
3731,APPLIANCE,3,0-1-0,NOUN,anapestic,1
3732,APPLIANCES,4,0-1-0-0,NOUN,anapestic,1
3733,APPLICABILITY,6,2-0-0-1-0-0,NOUN,dactylic,2
3734,APPLICABLE,4,1-0-0-0,ADJECTIVE,trochaic,1
3735,APPLICANT,3,1-0-0,NOUN,trochaic,1
3736,APPLICATION,4,2-0-1-0,NOUN,dactylic,1
3737,APPLICATOR,4,1-0-2-0,NOUN,iambic,1
3738,APPLIED,2,0-1,ADJECTIVE,iambic,1
3740,APPLY,2,0-1,VERB,iambic,1
3743,APPOINT,2,0-1,VERB,iambic,1
3744,APPOINTED,3,0-1-0,ADJECTIVE,anapestic,1
3745,APPOINTEE,3,0-0-1,NOUN,anapestic,1
3746,APPOINTIVE,3,0-1-0,ADJECTIVE,anapestic,1
3747,APPOINTMENT,3,0-1-0,NOUN,anapestic,1
3748,APPOINTMENTS,3,0-1-0,NOUN,anapestic,1
3749,APPORTION,3,0-1-0,VERB,anapestic,1
3750,APPORTIONED,3,0-1-0,ADJECTIVE,anapestic,1
3751,APPORTIONING,4,0-1-0-0,VERB,anapestic,1
3752,APPORTIONMENT,4,0-1-0-0,NOUN,anapestic,1
3758,APPRAISAL,3,0-1-0,NOUN,anapestic,1
3759,APPRAISE,2,0-1,VERB,iambic,1
3761,APPRAISER,3,0-1-0,NOUN,anapestic,1
3762,APPRECIABLE,4,0-1-0-0,ADJECTIVE,anapestic,1
3763,APPRECIABLY,4,0-1-0-0,ADVERB,anapestic,1
3764,APPRECIATE,4,0-1-0-2,VERB,iambic,1
3765,APPRECIATED,5,0-1-0-2-0,ADJECTIVE,anapestic,1
3766,APPRECIATION,5,0-2-0-1-0,NOUN,dactylic,1
3767,APPRECIATIVE,5,0-1-0-2-0,ADJECTIVE,anapestic,1
3768,APPRECIATIVELY,6,0-1-0-2-0-0,ADVERB,anapestic,1
3769,APPREHEND,3,2-0-1,VERB,dactylic,1
3771,APPREHENSION,4,2-0-1-0,NOUN,dactylic,1
3772,APPREHENSIVE,4,2-0-1-0,ADJECTIVE,dactylic,1
3774,APPRENTICE,3,0-1-0,NOUN,anapestic,1
3775,APPRENTICED,3,0-1-0,ADJECTIVE,anapestic,1
3776,APPRENTICESHIP,4,0-1-0-2,NOUN,iambic,1
3779,APPRISE,2,0-1,VERB,iambic,1
3781,APPRO,2,1-0,NOUN,trochaic,1
3782,APPROACH,2,0-1,NOUN,iambic,1
3784,APPROACHABLE,4,0-1-0-0,ADJECTIVE,anapestic,1
3785,APPROACHING,3,0-1-0,ADJECTIVE,anapestic,1
3787,APPROBATION,4,2-0-1-0,NOUN,dactylic,1
3791,APPROPRIATE,4,0-1-0-0,ADJECTIVE,anapestic,1
3792,APPROPRIATED,5,0-1-0-2-0,VERB,anapestic,1
3793,APPROPRIATELY,5,0-1-0-0-0,ADVERB,anapestic,1
3794,APPROPRIATENESS,5,0-1-0-0-0,NOUN,anapestic,1
3795,APPROPRIATION,5,0-2-0-1-0,NOUN,dactylic,1
3797,APPROVAL,3,0-1-0,NOUN,anapestic,1
3798,APPROVE,2,0-1,VERB,iambic,1
3799,APPROVED,2,0-1,ADJECTIVE,iambic,1
3801,APPROVING,3,0-1-0,ADJECTIVE,anapestic,1
3802,APPROVINGLY,4,0-1-0-0,ADVERB,anapestic,1
3803,APPROXIMATE,4,0-1-0-0,ADJECTIVE,anapestic,1
3804,APPROXIMATELY,5,0-1-0-0-0,ADVERB,anapestic,1
3805,APPROXIMATING,5,0-1-0-2-0,VERB,anapestic,1
3806,APPROXIMATION,5,0-2-0-1-0,NOUN,dactylic,1
3817,APRICOT,3,1-0-2,NOUN,iambic,1
3819,APRIL,2,1-0,NOUN,trochaic,1
3820,APRON,2,1-0,NOUN,trochaic,1
3821,APROPOS,3,2-0-1,PREPOSITION,dactylic,1
3827,APT,1,1,ADJECTIVE,none,0
3834,APTITUDE,3,1-0-2,NOUN,iambic,1
3840,AQUA,2,1-0,NOUN,trochaic,1
3841,AQUALUNG,3,1-0-0,NOUN,trochaic,1
3842,AQUAMARINE,4,2-0-0-1,NOUN,dactylic,2
3845,AQUARIUM,4,0-1-0-0,NOUN,anapestic,1
3846,AQUARIUS,4,0-1-0-0,NOUN,anapestic,1
3847,AQUATIC,3,0-1-0,NOUN,anapestic,1
3853,AQUEDUCT,3,1-0-2,NOUN,iambic,1
3854,AQUEOUS,3,1-0-0,ADJECTIVE,trochaic,1
3856,AQUIFER,3,1-0-0,NOUN,trochaic,1
3859,AQUILA,3,1-0-0,NOUN,trochaic,1
3861,AQUINAS,3,0-1-0,NOUN,anapestic,1
3862,AQUITAINE,3,2-0-1,NOUN,dactylic,1
3865,ARAB,2,1-0,NOUN,trochaic,1
3868,ARABIA,4,0-1-0-0,NOUN,anapestic,1
3869,ARABIAN,4,0-1-0-0,NOUN,anapestic,1
3870,ARABIC,3,1-0-0,NOUN,trochaic,1
3874,ARABLE,3,1-0-0,ADJECTIVE,trochaic,1
3877,ARACHNID,3,0-1-0,NOUN,anapestic,1
3881,ARAGON,3,1-0-2,NOUN,iambic,1
3885,ARAMAIC,4,2-0-1-0,NOUN,dactylic,1
3890,ARAPAHO,4,0-1-0-2,NOUN,iambic,1
3891,ARARAT,3,1-0-2,NOUN,iambic,1
3899,ARAWAK,3,1-0-2,NOUN,iambic,1
3902,ARBITER,3,1-0-0,NOUN,trochaic,1
3904,ARBITRAGE,3,1-0-2,NOUN,iambic,1
3905,ARBITRAGEUR,4,1-0-2-0,NOUN,iambic,1
3908,ARBITRARINESS,5,1-0-2-0-0,NOUN,iambic,1
3909,ARBITRARY,4,1-0-2-0,ADJECTIVE,iambic,1
3910,ARBITRATE,3,1-0-2,VERB,iambic,1
3911,ARBITRATION,4,2-0-1-0,NOUN,dactylic,1
3913,ARBITRATOR,4,1-0-2-0,NOUN,iambic,1
3916,ARBOR,2,1-0,NOUN,trochaic,1
3919,ARBOREAL,4,0-1-0-0,ADJECTIVE,anapestic,1
3923,ARBORETUM,4,2-0-1-0,NOUN,dactylic,1
3930,ARC,1,1,NOUN,none,1
3932,ARCADE,2,0-1,NOUN,iambic,1
3933,ARCADES,2,0-1,NOUN,iambic,1
3934,ARCADIA,4,0-1-0-0,NOUN,anapestic,1
3935,ARCADIAN,4,2-1-0-0,NOUN,trochaic,1
3937,ARCANE,2,2-1,ADJECTIVE,trochaic,1
3938,ARCANUM,3,1-0-0,ADJECTIVE,trochaic,1
3942,ARCEO,3,1-0-0,VERB,trochaic,1
3944,ARCH,1,1,NOUN,none,1
3946,ARCHAEOLOGICAL,6,2-0-0-1-0-0,ADJECTIVE,dactylic,2
3947,ARCHAEOLOGIST,5,2-0-1-0-0,NOUN,dactylic,1
3948,ARCHAEOLOGY,5,2-0-1-0-0,ADVERB,dactylic,1
3952,ARCHAIC,3,0-1-0,ADJECTIVE,anapestic,1
3955,ARCHANGEL,3,2-1-0,NOUN,trochaic,1
3957,ARCHBISHOP,3,1-1-0,NOUN,trochaic,2
3962,ARCHDIOCESE,4,1-1-0-0,NOUN,trochaic,2
3966,ARCHDUKE,2,1-2,NOUN,iambic,1
3970,ARCHED,1,1,ADJECTIVE,none,1
3974,ARCHENEMY,4,1-1-0-0,NOUN,trochaic,2
3977,ARCHEOLOGY,5,2-0-1-0-0,NOUN,dactylic,1
3979,ARCHER,2,1-0,NOUN,trochaic,1
3981,ARCHERY,3,1-0-0,NOUN,trochaic,1
3982,ARCHES,2,1-0,NOUN,trochaic,1
3985,ARCHETYPAL,3,1-1-0,ADJECTIVE,trochaic,2
3986,ARCHETYPE,3,1-0-2,NOUN,iambic,1
4001,ARCHIPELAGO,5,2-0-1-0-2,NOUN,dactylic,2
4002,ARCHITECT,3,1-0-2,NOUN,iambic,1
4005,ARCHITECTURAL,5,2-0-1-0-0,ADJECTIVE,dactylic,1
4006,ARCHITECTURALLY,6,2-0-1-0-0-0,ADVERB,dactylic,1
4007,ARCHITECTURE,4,1-0-2-0,NOUN,iambic,1
4009,ARCHITRAVE,3,1-0-2,NOUN,iambic,1
4010,ARCHIVAL,3,0-1-0,ADJECTIVE,anapestic,1
4011,ARCHIVE,2,1-2,NOUN,iambic,1
4012,ARCHIVES,2,1-2,NOUN,iambic,1
4013,ARCHIVIST,3,1-0-0,NOUN,trochaic,1
4015,ARCHLY,2,1-0,ADVERB,trochaic,1
4026,ARCTIC,2,1-0,NOUN,trochaic,1
4036,ARCTURUS,3,2-1-0,NOUN,trochaic,1
4044,ARDENT,2,1-0,ADJECTIVE,trochaic,1
4045,ARDENTLY,3,1-0-0,ADVERB,trochaic,1
4048,ARDOR,2,1-0,NOUN,trochaic,1
4050,ARDUOUS,3,1-0-0,ADJECTIVE,trochaic,1
4053,ARE,1,1,NOUN,none,0
4054,AREA,3,1-0-0,NOUN,trochaic,1
4056,AREAS,3,1-0-0,NOUN,trochaic,1
4062,ARENA,3,0-1-0,NOUN,anapestic,1
4073,ARES,1,1,NOUN,none,1
4081,ARGENT,2,1-0,NOUN,trochaic,1
4084,ARGENTINA,4,2-0-1-0,NOUN,dactylic,1
4085,ARGENTINE,3,1-0-2,NOUN,iambic,1
4086,ARGENTINIAN,5,2-0-1-0-0,NOUN,dactylic,1
4099,ARGON,2,1-2,NOUN,iambic,1
4100,ARGONAUT,3,1-0-2,NOUN,iambic,1
4104,ARGOSY,3,1-0-0,NOUN,trochaic,1
4105,ARGOT,2,1-0,NOUN,trochaic,1
4106,ARGUABLE,4,1-0-0-0,ADJECTIVE,trochaic,1
4107,ARGUABLY,4,1-0-0-0,ADVERB,trochaic,1
4108,ARGUE,2,1-0,VERB,trochaic,1
4112,ARGUES,2,1-0,VERB,trochaic,1
4114,ARGUING,3,1-0-0,VERB,trochaic,1
4116,ARGUMENT,3,1-0-0,NOUN,trochaic,1
4117,ARGUMENTATION,5,2-0-0-1-0,NOUN,dactylic,2
4118,ARGUMENTATIVE,5,2-0-1-0-0,ADJECTIVE,dactylic,1
4119,ARGUMENTS,3,1-0-0,NOUN,trochaic,1
4121,ARGUS,2,1-0,NOUN,trochaic,1
4125,ARGYLE,2,1-2,NOUN,iambic,1
4133,ARIA,3,1-0-0,NOUN,trochaic,1
4134,ARIADNE,4,2-0-1-0,NOUN,dactylic,1
4135,ARIANISM,5,1-0-0-2-0,NOUN,iambic,2
4138,ARID,2,1-0,ADJECTIVE,trochaic,1
4140,ARIEL,3,1-0-0,NOUN,trochaic,1
4141,ARIES,2,1-0,NOUN,trochaic,1
4159,ARISE,2,0-1,VERB,iambic,1
4160,ARISTA,3,0-1-0,NOUN,anapestic,1
4165,ARISTOCRACY,5,2-0-1-0-0,NOUN,dactylic,1
4166,ARISTOCRAT,4,0-1-0-2,NOUN,iambic,1
4167,ARISTOCRATIC,5,0-2-0-1-0,ADJECTIVE,dactylic,1
4173,ARISTOPHANES,5,2-0-1-0-0,NOUN,dactylic,1
4176,ARISTOTELIAN,6,0-2-0-1-0-0,NOUN,dactylic,1
4178,ARISTOTLE,4,1-0-2-0,NOUN,iambic,1
4180,ARITHMETIC,4,2-0-1-0,NOUN,dactylic,1
4187,ARK,1,1,NOUN,none,1
4188,ARKANSAN,3,2-1-0,NOUN,trochaic,1
4189,ARKANSAS,3,1-0-2,NOUN,iambic,1
4190,ARM,1,1,NOUN,none,1
4192,ARMADA,3,0-1-0,NOUN,anapestic,1
4195,ARMADILLO,4,2-0-1-0,NOUN,dactylic,1
4196,ARMAGEDDON,4,2-0-1-0,NOUN,dactylic,1
4198,ARMAMENT,3,1-0-0,NOUN,trochaic,1
4200,ARMAMENTS,3,1-0-0,NOUN,trochaic,1
4202,ARMBAND,2,1-2,NOUN,iambic,1
4203,ARMCHAIR,2,1-2,NOUN,iambic,1
4204,ARMED,1,1,ADJECTIVE,none,1
4205,ARMENIA,4,0-1-0-0,NOUN,anapestic,1
4206,ARMENIAN,4,0-1-0-0,NOUN,anapestic,1
4211,ARMIGER,3,1-0-0,NOUN,trochaic,1
4217,ARMING,2,1-0,NOUN,trochaic,1
4222,ARMISTICE,3,1-0-0,NOUN,trochaic,1
4226,ARMOIRE,2,1-0,NOUN,trochaic,1
4227,ARMOR,2,1-0,NOUN,trochaic,1
4229,ARMORED,2,1-0,ADJECTIVE,trochaic,1
4232,ARMORY,3,1-0-0,NOUN,trochaic,1
4233,ARMPIT,2,1-2,NOUN,iambic,1
4234,ARMREST,2,1-2,NOUN,iambic,1
4235,ARMS,1,1,NOUN,none,1
4236,ARMSTRONG,2,1-2,NOUN,iambic,1
4237,ARMY,2,1-0,NOUN,trochaic,1
4240,ARNO,2,1-0,NOUN,trochaic,1
4243,AROMA,3,0-1-0,NOUN,anapestic,1
4244,AROMATIC,4,2-0-1-0,ADJECTIVE,dactylic,1
4245,AROSE,2,0-1,VERB,iambic,1
4246,AROUND,2,0-1,PREPOSITION,iambic,1
4247,AROUSAL,3,0-1-0,NOUN,anapestic,1
4248,AROUSE,2,0-1,VERB,iambic,1
4249,AROUSED,2,0-1,ADJECTIVE,iambic,1
4257,ARRAIGN,2,0-1,VERB,iambic,1
4258,ARRAIGNMENT,3,0-1-0,NOUN,anapestic,1
4259,ARRANGE,2,0-1,VERB,iambic,1
4260,ARRANGED,2,0-1,ADJECTIVE,iambic,1
4261,ARRANGEMENT,3,0-1-0,NOUN,anapestic,1
4262,ARRANGER,3,0-1-0,NOUN,anapestic,1
4263,ARRANT,2,1-0,ADJECTIVE,trochaic,1
4266,ARRAY,2,0-1,NOUN,iambic,1
4267,ARRAYED,2,0-1,ADJECTIVE,iambic,1
4269,ARREARS,2,0-1,NOUN,iambic,1
4271,ARREST,2,0-1,NOUN,iambic,1
4273,ARRESTED,3,0-1-0,VERB,anapestic,1
4275,ARRESTING,3,0-1-0,ADJECTIVE,anapestic,1
4277,ARRHYTHMIA,4,0-1-0-0,NOUN,anapestic,1
4283,ARRIVAL,3,0-1-0,NOUN,anapestic,1
4284,ARRIVE,2,0-1,VERB,iambic,1
4285,ARRIVING,3,0-1-0,VERB,anapestic,1
4287,ARROGANCE,3,1-0-0,NOUN,trochaic,1
4288,ARROGANT,3,1-0-0,ADJECTIVE,trochaic,1
4289,ARROGANTLY,4,1-0-0-0,ADVERB,trochaic,1
4290,ARROGATE,3,1-0-2,VERB,iambic,1
4293,ARROW,2,1-0,NOUN,trochaic,1
4294,ARROWHEAD,3,1-0-2,NOUN,iambic,1
4296,ARROWROOT,3,1-0-2,NOUN,iambic,1
4297,ARROWS,2,1-0,NOUN,trochaic,1
4298,ARROWSMITH,3,1-0-2,NOUN,iambic,1
4301,ARROYO,3,0-1-0,NOUN,anapestic,1
4304,ARSENAL,3,1-0-0,NOUN,trochaic,1
4306,ARSENIC,3,1-0-0,NOUN,trochaic,1
4311,ARSON,2,1-0,NOUN,trochaic,1
4312,ARSONIST,3,1-0-0,NOUN,trochaic,1
4313,ART,1,1,NOUN,none,1
4320,ARTERIAL,4,0-1-0-0,ADJECTIVE,anapestic,1
4322,ARTERIES,3,1-0-0,NOUN,trochaic,1
4328,ARTERIOSCLEROSIS,7,0-2-0-0-0-1-0,NOUN,dactylic,2
4332,ARTERY,3,1-0-0,NOUN,trochaic,1
4334,ARTESIAN,3,2-1-0,ADJECTIVE,trochaic,1
4335,ARTFUL,2,1-0,ADJECTIVE,trochaic,1
4336,ARTFULLY,3,1-0-0,ADVERB,trochaic,1
4340,ARTHRITIC,3,0-1-0,NOUN,anapestic,1
4341,ARTHRITIS,3,0-1-0,NOUN,anapestic,1
4348,ARTHROPOD,3,1-0-2,NOUN,iambic,1
4356,ARTHUR,2,1-0,NOUN,trochaic,1
4357,ARTHURIAN,4,0-1-0-0,ADJECTIVE,anapestic,1
4358,ARTICHOKE,3,1-0-2,NOUN,iambic,1
4359,ARTICLE,3,1-0-0,NOUN,trochaic,1
4361,ARTICLES,3,1-0-0,NOUN,trochaic,1
4363,ARTICULAR,4,0-1-0-2,ADJECTIVE,iambic,1
4364,ARTICULATE,4,0-1-0-2,ADJECTIVE,iambic,1
4365,ARTICULATED,5,0-1-0-2-0,ADJECTIVE,anapestic,1
4367,ARTICULATION,5,2-0-0-1-0,NOUN,dactylic,2
4368,ARTICULATORY,6,0-1-0-0-2-0,ADJECTIVE,anapestic,2
4370,ARTIFACT,3,1-0-2,NOUN,iambic,1
4371,ARTIFACTS,3,1-0-2,NOUN,iambic,1
4373,ARTIFICE,3,1-0-0,NOUN,trochaic,1
4375,ARTIFICIAL,4,2-0-1-0,ADJECTIVE,dactylic,1
4377,ARTIFICIALLY,5,2-0-1-0-0,ADVERB,dactylic,1
4378,ARTILLERY,4,0-1-0-0,NOUN,anapestic,1
4380,ARTIODACTYL,5,2-0-0-1-0,ADJECTIVE,dactylic,2
4382,ARTISAN,3,1-0-0,NOUN,trochaic,1
4383,ARTIST,2,1-0,NOUN,trochaic,1
4385,ARTISTIC,3,0-1-0,ADJECTIVE,anapestic,1
4387,ARTISTICALLY,4,0-1-0-0,ADVERB,anapestic,1
4388,ARTISTS,2,1-0,NOUN,trochaic,1
4394,ARTOIS,2,0-1,NOUN,iambic,1
4395,ARTS,1,1,NOUN,none,1
4396,ARTWORK,2,1-2,NOUN,iambic,1
4397,ARTY,2,1-0,ADJECTIVE,trochaic,1
4398,ARUBA,3,2-1-0,NOUN,trochaic,1
4400,ARUM,2,1-0,NOUN,trochaic,1
4409,ARYAN,3,1-0-0,NOUN,trochaic,1
4411,AS,1,0,PRONOUN,none,0
4417,ASBESTOS,3,0-1-0,NOUN,anapestic,1
4418,ASBESTOSIS,4,2-2-1-0,NOUN,trochaic,2
4425,ASCEND,2,0-1,VERB,iambic,1
4427,ASCENDANCY,4,0-1-0-0,NOUN,anapestic,1
4428,ASCENDANT,3,0-1-0,NOUN,anapestic,1
4429,ASCENDENCY,4,0-1-0-0,NOUN,anapestic,1
4430,ASCENDING,3,0-1-0,ADJECTIVE,anapestic,1
4431,ASCENSION,3,0-1-0,NOUN,anapestic,1
4433,ASCENT,2,0-1,NOUN,iambic,1
4434,ASCERTAIN,3,2-0-1,VERB,dactylic,1
4436,ASCERTAINED,3,2-0-1,ADJECTIVE,dactylic,1
4438,ASCETIC,3,0-1-0,ADJECTIVE,anapestic,1
4443,ASCII,2,1-0,NOUN,trochaic,1
4462,ASCOT,2,1-2,NOUN,iambic,1
4463,ASCRIBE,2,0-1,VERB,iambic,1
4468,ASEXUAL,4,0-1-0-0,ADJECTIVE,anapestic,1
4471,ASH,1,1,NOUN,none,1
4472,ASHAME,2,0-1,ADJECTIVE,iambic,1
4473,ASHAMED,2,0-1,ADJECTIVE,iambic,1
4478,ASHEN,2,1-0,ADJECTIVE,trochaic,1
4479,ASHES,2,1-0,NOUN,trochaic,1
4482,ASHORE,2,0-1,ADVERB,iambic,1
4484,ASHTRAY,2,1-2,NOUN,iambic,1
4485,ASHUR,2,1-0,NOUN,trochaic,1
4486,ASHY,2,1-0,ADJECTIVE,trochaic,1
4487,ASIA,2,1-0,NOUN,trochaic,1
4488,ASIAN,2,1-0,NOUN,trochaic,1
4489,ASIATIC,4,2-0-1-0,ADJECTIVE,dactylic,1
4490,ASIDE,2,0-1,PREPOSITION,iambic,1
4494,ASININE,3,1-0-2,ADJECTIVE,iambic,1
4498,ASK,1,1,VERB,none,0
4499,ASKANCE,2,0-1,ADJECTIVE,iambic,1
4501,ASKED,1,1,VERB,none,1
4502,ASKEW,2,0-1,ADJECTIVE,iambic,1
4503,ASKING,2,1-0,VERB,trochaic,1
4506,ASLEEP,2,0-1,ADJECTIVE,iambic,1
4508,ASMODEUS,4,2-0-1-0,NOUN,dactylic,1
4511,ASP,1,1,NOUN,none,1
4515,ASPARAGUS,4,0-1-0-0,NOUN,anapestic,1
4516,ASPARTAME,3,1-0-2,NOUN,iambic,1
4518,ASPECT,2,1-2,NOUN,iambic,1
4519,ASPECTS,2,1-2,NOUN,iambic,1
4521,ASPEN,2,1-0,NOUN,trochaic,1
4522,ASPER,2,1-0,NOUN,trochaic,1
4529,ASPERITY,4,0-1-0-0,NOUN,anapestic,1
4532,ASPERSION,3,0-1-0,NOUN,anapestic,1
4533,ASPERSIONS,3,0-1-0,NOUN,anapestic,1
4535,ASPHALT,2,1-2,NOUN,iambic,1
4544,ASPHYXIATE,4,0-1-0-2,VERB,iambic,1
4545,ASPHYXIATED,5,0-1-0-2-0,ADJECTIVE,anapestic,1
4546,ASPHYXIATING,5,0-1-0-2-0,ADJECTIVE,anapestic,1
4553,ASPIRANT,3,1-0-0,NOUN,trochaic,1
4554,ASPIRATE,3,1-0-2,NOUN,iambic,1
4555,ASPIRATION,4,2-0-1-0,NOUN,dactylic,1
4557,ASPIRE,2,0-1,VERB,iambic,1
4558,ASPIRIN,2,1-0,NOUN,trochaic,1
4559,ASPIRING,3,0-1-0,ADJECTIVE,anapestic,1
4564,ASS,1,1,NOUN,none,1
4568,ASSAIL,2,0-1,VERB,iambic,1
4571,ASSAILANT,3,0-1-0,NOUN,anapestic,1
4572,ASSAM,2,2-1,NOUN,trochaic,1
4575,ASSASSIN,3,0-1-0,NOUN,anapestic,1
4576,ASSASSINATE,4,0-1-0-2,VERB,iambic,1
4577,ASSASSINATED,5,0-1-0-2-0,ADJECTIVE,anapestic,1
4578,ASSASSINATION,5,0-2-0-1-0,NOUN,dactylic,1
4579,ASSAULT,2,0-1,NOUN,iambic,1
4580,ASSAULTED,3,0-1-0,VERB,anapestic,1
4581,ASSAULTIVE,3,0-1-0,ADJECTIVE,anapestic,1
4582,ASSAY,2,1-2,NOUN,iambic,1
4585,ASSEMBLAGE,3,0-1-0,NOUN,anapestic,1
4586,ASSEMBLE,3,0-1-0,VERB,anapestic,1
4587,ASSEMBLED,3,0-1-0,VERB,anapestic,1
4588,ASSEMBLER,3,0-1-0,NOUN,anapestic,1
4589,ASSEMBLY,3,0-1-0,NOUN,anapestic,1
4590,ASSEMBLYMAN,4,0-1-0-2,NOUN,iambic,1
4592,ASSEMBLYWOMAN,5,0-1-0-2-0,NOUN,anapestic,1
4593,ASSENT,2,0-1,NOUN,iambic,1
4596,ASSERT,2,0-1,VERB,iambic,1
4597,ASSERTED,3,0-1-0,ADJECTIVE,anapestic,1
4598,ASSERTING,3,0-1-0,ADJECTIVE,anapestic,1
4599,ASSERTION,3,0-1-0,NOUN,anapestic,1
4600,ASSERTIVE,3,0-1-0,ADJECTIVE,anapestic,1
4601,ASSERTIVELY,4,0-1-0-0,ADVERB,anapestic,1
4602,ASSERTIVENESS,4,0-1-0-0,NOUN,anapestic,1
4603,ASSES,2,1-0,NOUN,trochaic,1
4604,ASSESS,2,0-1,VERB,iambic,1
4606,ASSESSMENT,3,0-1-0,NOUN,anapestic,1
4607,ASSESSOR,3,0-1-0,NOUN,anapestic,1
4608,ASSET,2,1-2,NOUN,iambic,1
4609,ASSETS,2,1-2,NOUN,iambic,1
4612,ASSHOLE,2,1-0,NOUN,trochaic,1
4614,ASSIDUOUS,3,0-1-0,ADJECTIVE,anapestic,1
4615,ASSIDUOUSLY,4,0-1-0-0,ADVERB,anapestic,1
4618,ASSIGN,2,0-1,VERB,iambic,1
4622,ASSIGNED,2,0-1,ADJECTIVE,iambic,1
4624,ASSIGNMENT,3,0-1-0,NOUN,anapestic,1
4625,ASSIGNS,2,0-1,VERB,iambic,1
4627,ASSIMILATE,4,0-1-0-2,VERB,iambic,1
4628,ASSIMILATING,5,0-1-0-2-0,ADJECTIVE,anapestic,1
4629,ASSIMILATION,5,0-2-0-1-0,NOUN,dactylic,1
4630,ASSIST,2,0-1,NOUN,iambic,1
4631,ASSISTANCE,3,0-1-0,NOUN,anapestic,1
4632,ASSISTANT,3,0-1-0,NOUN,anapestic,1
4633,ASSISTED,3,0-1-0,ADJECTIVE,anapestic,1
4640,ASSOCIATE,4,0-1-0-0,NOUN,anapestic,1
4641,ASSOCIATED,5,0-1-0-2-0,VERB,anapestic,1
4642,ASSOCIATION,5,0-2-0-1-0,NOUN,dactylic,1
4645,ASSOCIATIVE,4,0-1-0-2,ADJECTIVE,iambic,1
4649,ASSORT,2,0-1,VERB,iambic,1
4650,ASSORTED,3,0-1-0,ADJECTIVE,anapestic,1
4651,ASSORTMENT,3,0-1-0,NOUN,anapestic,1
4652,ASSUAGE,2,0-1,VERB,iambic,1
4658,ASSUME,2,0-1,VERB,iambic,1
4659,ASSUMED,2,0-1,ADJECTIVE,iambic,1
4661,ASSUMPTION,3,0-1-0,NOUN,anapestic,1
4664,ASSURANCE,3,0-1-0,NOUN,anapestic,1
4665,ASSURE,2,0-1,VERB,iambic,1
4666,ASSURED,2,0-1,ADJECTIVE,iambic,1
4667,ASSUREDLY,4,0-1-0-0,ADVERB,anapestic,1
4669,ASSURING,3,0-1-0,ADJECTIVE,anapestic,1
4670,ASSYRIA,4,0-1-0-0,NOUN,anapestic,1
4671,ASSYRIAN,4,0-1-0-0,NOUN,anapestic,1
4681,ASTER,2,1-0,NOUN,trochaic,1
4684,ASTERISK,3,1-0-0,NOUN,trochaic,1
4690,ASTEROID,3,1-0-2,NOUN,iambic,1
4693,ASTEROIDS,3,1-0-2,NOUN,iambic,1
4698,ASTHMA,2,1-0,NOUN,trochaic,1
4699,ASTHMATIC,3,0-1-0,NOUN,anapestic,1
4701,ASTIGMATISM,5,0-1-0-2-0,NOUN,anapestic,1
4702,ASTILBE,3,0-1-2,NOUN,iambic,1
4706,ASTONISH,3,0-1-0,VERB,anapestic,1
4707,ASTONISHED,3,0-1-0,ADJECTIVE,anapestic,1
4708,ASTONISHING,4,0-1-0-0,ADJECTIVE,anapestic,1
4709,ASTONISHINGLY,5,0-1-0-0-0,ADVERB,anapestic,1
4710,ASTONISHMENT,4,0-1-0-0,NOUN,anapestic,1
4711,ASTOUND,2,0-1,VERB,iambic,1
4712,ASTOUNDING,3,0-1-0,ADJECTIVE,anapestic,1
4718,ASTRAKHAN,3,1-0-0,NOUN,trochaic,1
4719,ASTRAL,2,1-0,ADJECTIVE,trochaic,1
4722,ASTRAY,2,0-1,ADVERB,iambic,1
4725,ASTRIDE,2,0-1,PREPOSITION,iambic,1
4727,ASTRINGENT,3,0-1-0,NOUN,anapestic,1
4728,ASTRINGENTS,3,0-1-0,ADJECTIVE,anapestic,1
4731,ASTRODOME,3,1-0-2,NOUN,iambic,1
4736,ASTROLOGER,4,0-1-0-0,NOUN,anapestic,1
4737,ASTROLOGICAL,5,2-0-1-0-0,ADJECTIVE,dactylic,1
4738,ASTROLOGY,4,0-1-0-0,NOUN,anapestic,1
4741,ASTRONAUT,3,1-0-2,NOUN,iambic,1
4742,ASTRONAUTIC,4,2-0-1-0,ADJECTIVE,dactylic,1
4744,ASTRONOMER,4,0-1-0-0,NOUN,anapestic,1
4746,ASTRONOMICALLY,5,2-0-1-0-0,ADVERB,dactylic,1
4747,ASTRONOMY,4,0-1-0-0,NOUN,anapestic,1
4749,ASTROPHYSICIST,5,2-0-1-0-0,NOUN,dactylic,1
4750,ASTROPHYSICS,4,2-0-1-0,NOUN,dactylic,1
4753,ASTUTE,2,0-1,ADJECTIVE,iambic,1
4754,ASTUTELY,3,0-1-0,ADVERB,anapestic,1
4755,ASTUTENESS,3,0-1-0,NOUN,anapestic,1
4757,ASUNCION,3,0-1-0,NOUN,anapestic,1
4758,ASUNDER,3,0-1-0,ADJECTIVE,anapestic,1
4762,ASYLUM,3,0-1-0,NOUN,anapestic,1
4763,ASYMMETRICAL,5,2-0-1-0-0,ADJECTIVE,dactylic,1
4765,ASYMMETRY,4,2-1-0-0,NOUN,trochaic,1
4766,ASYMPTOMATIC,5,2-2-0-1-0,ADJECTIVE,trochaic,2
4769,ASYMPTOTE,3,1-0-2,NOUN,iambic,1
4770,ASYMPTOTIC,4,1-0-2-0,ADJECTIVE,iambic,1
4773,ASYNCHRONOUS,4,1-1-0-0,ADJECTIVE,trochaic,2
4779,AT,1,1,PREPOSITION,none,0
4785,ATAVISM,4,1-0-0-0,NOUN,trochaic,1
4787,ATAVISTIC,4,1-0-0-0,ADJECTIVE,trochaic,1
4788,ATAXIA,4,1-1-0-0,NOUN,trochaic,2
4790,ATE,1,1,NOUN,none,1
4803,ATHEISM,3,0-1-0,NOUN,anapestic,1
4804,ATHEIST,3,1-0-0,NOUN,trochaic,1
4805,ATHEISTIC,4,2-0-1-0,ADJECTIVE,dactylic,1
4808,ATHENA,3,0-1-0,NOUN,anapestic,1
4809,ATHENAEUM,4,2-0-1-0,NOUN,dactylic,1
4810,ATHENE,2,2-1,NOUN,trochaic,1
4811,ATHENIAN,4,0-1-0-0,NOUN,anapestic,1
4812,ATHENS,2,1-0,NOUN,trochaic,1
4818,ATHEROSCLEROSIS,6,2-0-0-0-1-0,NOUN,dactylic,2
4824,ATHLETE,2,1-2,NOUN,iambic,1
4825,ATHLETIC,3,0-1-0,ADJECTIVE,anapestic,1
4826,ATHLETICISM,4,0-1-0-2,NOUN,iambic,1
4827,ATHLETICS,3,0-1-0,NOUN,anapestic,1
4829,ATHWART,2,0-1,PREPOSITION,iambic,1
4833,ATLANTA,3,0-1-0,NOUN,anapestic,1
4836,ATLANTIC,3,0-1-0,NOUN,anapestic,1
4837,ATLANTIS,3,0-1-0,NOUN,anapestic,1
4838,ATLAS,2,1-0,NOUN,trochaic,1
4840,ATMOSPHERE,3,1-0-2,NOUN,iambic,1
4841,ATMOSPHERIC,4,2-0-1-0,ADJECTIVE,dactylic,1
4843,ATOLL,2,1-2,NOUN,iambic,1
4844,ATOM,2,1-0,NOUN,trochaic,1
4845,ATOMIC,3,0-1-0,ADJECTIVE,anapestic,1
4848,ATOMISER,4,1-0-2-0,NOUN,iambic,1
4849,ATOMS,2,1-0,NOUN,trochaic,1
4851,ATONAL,3,0-1-0,ADJECTIVE,anapestic,1
4855,ATONE,2,0-1,VERB,iambic,1
4856,ATONEMENT,3,0-1-0,NOUN,anapestic,1
4860,ATOP,2,0-1,PREPOSITION,iambic,1
4872,ATRIUM,3,1-0-0,NOUN,trochaic,1
4873,ATROCIOUS,3,0-1-0,ADJECTIVE,anapestic,1
4874,ATROCITY,4,0-1-0-0,NOUN,anapestic,1
4877,ATROPHIED,3,1-0-0,ADJECTIVE,trochaic,1
4878,ATROPHY,3,1-0-0,NOUN,trochaic,1
4884,ATTACH,2,0-1,VERB,iambic,1
4886,ATTACHE,3,2-0-1,NOUN,dactylic,1
4887,ATTACHED,2,0-1,ADJECTIVE,iambic,1
4888,ATTACHMENT,3,0-1-0,NOUN,anapestic,1
4889,ATTACK,2,0-1,NOUN,iambic,1
4890,ATTACKER,3,0-1-0,NOUN,anapestic,1
4891,ATTACKING,3,0-1-0,ADJECTIVE,anapestic,1
4893,ATTAIN,2,0-1,VERB,iambic,1
4894,ATTAINABLE,4,0-1-0-0,ADJECTIVE,anapestic,1
4895,ATTAINDER,3,0-1-0,NOUN,anapestic,1
4896,ATTAINED,2,0-1,ADJECTIVE,iambic,1
4897,ATTAINMENT,3,0-1-0,NOUN,anapestic,1
4903,ATTAR,2,1-2,NOUN,iambic,1
4906,ATTEMPT,2,0-1,NOUN,iambic,1
4907,ATTEMPTS,2,0-1,NOUN,iambic,1
4908,ATTEMPTED,3,0-1-0,ADJECTIVE,anapestic,1
4909,ATTEND,2,0-1,VERB,iambic,1
4910,ATTENDANCE,3,0-1-0,NOUN,anapestic,1
4911,ATTENDANT,3,0-1-0,NOUN,anapestic,1
4912,ATTENDED,3,0-1-0,ADJECTIVE,anapestic,1
4913,ATTENDING,3,0-1-0,NOUN,anapestic,1
4915,ATTENTION,3,0-1-0,NOUN,anapestic,1
4917,ATTENTIONS,3,0-1-0,NOUN,anapestic,1
4918,ATTENTIVE,3,0-1-0,ADJECTIVE,anapestic,1
4919,ATTENTIVELY,4,0-1-0-0,ADVERB,anapestic,1
4920,ATTENTIVENESS,4,0-1-0-0,NOUN,anapestic,1
4922,ATTENUATE,4,0-1-0-2,ADJECTIVE,iambic,1
4923,ATTENUATED,5,0-1-0-2-0,ADJECTIVE,anapestic,1
4924,ATTENUATION,5,0-2-0-1-0,NOUN,dactylic,1
4925,ATTEST,2,0-1,VERB,iambic,1
4927,ATTESTED,3,0-1-0,ADJECTIVE,anapestic,1
4928,ATTIC,2,1-0,NOUN,trochaic,1
4929,ATTICA,3,1-0-0,NOUN,trochaic,1
4931,ATTICUS,3,1-0-0,NOUN,trochaic,1
4932,ATTILA,3,0-1-0,NOUN,anapestic,1
4933,ATTIRE,3,0-1-0,NOUN,anapestic,1
4934,ATTITUDE,3,1-0-2,NOUN,iambic,1
4935,ATTITUDES,3,1-0-2,NOUN,iambic,1
4941,ATTORNEY,3,0-1-0,NOUN,anapestic,1
4944,ATTRACT,2,0-1,VERB,iambic,1
4947,ATTRACTING,3,0-1-0,VERB,anapestic,1
4948,ATTRACTION,3,0-1-0,NOUN,anapestic,1
4949,ATTRACTIVE,3,0-1-0,ADJECTIVE,anapestic,1
4950,ATTRACTIVENESS,4,0-1-0-0,NOUN,anapestic,1
4953,ATTRIBUTABLE,5,0-1-0-0-0,ADJECTIVE,anapestic,1
4954,ATTRIBUTE,3,0-1-2,NOUN,iambic,1
4955,ATTRIBUTED,4,0-1-0-0,NOUN,anapestic,1
4956,ATTRIBUTES,3,0-1-2,VERB,iambic,1
4957,ATTRIBUTION,4,2-0-1-0,NOUN,dactylic,1
4962,ATTRITION,3,0-1-0,NOUN,anapestic,1
4965,ATTUNE,2,0-1,VERB,iambic,1
4966,ATTUNED,2,0-1,ADJECTIVE,iambic,1
4967,ATYPICAL,4,2-1-0-0,ADJECTIVE,trochaic,1
4971,AUBURN,2,1-0,ADJECTIVE,trochaic,1
4973,AUCTION,2,1-0,NOUN,trochaic,1
4974,AUCTIONEER,3,2-0-1,NOUN,dactylic,1
4976,AUDACIOUS,3,0-1-0,ADJECTIVE,anapestic,1
4978,AUDACITY,4,0-1-0-0,NOUN,anapestic,1
4981,AUDEN,2,1-0,NOUN,trochaic,1
4984,AUDIBLE,3,1-0-0,NOUN,trochaic,1
4985,AUDIBLY,3,1-0-0,ADVERB,trochaic,1
4986,AUDIENCE,3,1-0-0,NOUN,trochaic,1
4988,AUDIO,3,1-0-2,NOUN,iambic,1
4995,AUDIOTAPE,4,1-0-0-2,NOUN,iambic,2
4996,AUDIOVISUAL,6,2-0-0-1-0-0,NOUN,dactylic,2
4998,AUDIT,2,1-0,NOUN,trochaic,1
5000,AUDITION,3,0-1-0,NOUN,anapestic,1
5001,AUDITOR,3,1-0-0,NOUN,trochaic,1
5002,AUDITORIUM,5,2-0-1-0-0,NOUN,dactylic,1
5003,AUDITORY,4,1-0-2-0,ADJECTIVE,iambic,1
5009,AUGER,2,1-0,NOUN,trochaic,1
5011,AUGHT,1,0,PRONOUN,none,1
5014,AUGMENT,2,0-1,VERB,iambic,1
5015,AUGMENTATION,4,2-0-1-0,NOUN,dactylic,1
5017,AUGMENTED,3,0-1-0,ADJECTIVE,anapestic,1
5018,AUGMENTING,3,1-2-0,VERB,iambic,1
5019,AUGUR,2,1-0,NOUN,trochaic,1
5025,AUGUST,2,1-0,NOUN,trochaic,1
5026,AUGUSTA,3,0-1-0,NOUN,anapestic,1
5028,AUGUSTINE,3,1-0-2,NOUN,iambic,1
5029,AUGUSTINIAN,5,2-0-1-0-0,NOUN,dactylic,1
5030,AUGUSTUS,3,0-1-0,NOUN,anapestic,1
5036,AULD,1,1,ADJECTIVE,none,1
5041,AUNT,1,1,NOUN,none,1
5042,AURA,2,1-0,NOUN,trochaic,1
5044,AURAL,2,1-0,ADJECTIVE,trochaic,1
5047,AUREA,3,0-1-0,NOUN,anapestic,1
5052,AUREOLE,3,1-0-0,NOUN,trochaic,1
5072,AURORA,3,0-1-0,NOUN,anapestic,1
5073,AURORAL,3,0-1-0,ADJECTIVE,anapestic,1
5078,AUSPICE,2,1-0,NOUN,trochaic,1
5079,AUSPICES,3,1-0-0,NOUN,trochaic,1
5081,AUSPICIOUS,3,0-1-0,ADJECTIVE,anapestic,1
5089,AUSTERE,2,0-1,ADJECTIVE,iambic,1
5090,AUSTERELY,3,2-1-0,ADVERB,trochaic,1
5092,AUSTERITY,4,2-1-0-0,NOUN,trochaic,1
5094,AUSTIN,2,1-0,NOUN,trochaic,1
5095,AUSTRAL,2,1-0,NOUN,trochaic,1
5096,AUSTRALASIA,4,2-0-1-0,NOUN,dactylic,1
5098,AUSTRALIA,3,0-1-0,NOUN,anapestic,1
5099,AUSTRALIAN,3,0-1-0,NOUN,anapestic,1
5101,AUSTRALOPITHECINE,6,0-2-0-1-0-2,NOUN,trochaic,2
5102,AUSTRIA,3,1-0-0,NOUN,trochaic,1
5103,AUSTRIAN,3,1-0-0,NOUN,trochaic,1
5116,AUTHENTIC,3,0-1-0,ADJECTIVE,anapestic,1
5117,AUTHENTICALLY,4,2-1-0-0,ADVERB,trochaic,1
5118,AUTHENTICATE,4,0-1-0-2,VERB,iambic,1
5119,AUTHENTICATION,5,0-2-0-1-0,NOUN,dactylic,1
5120,AUTHENTICITY,5,2-0-1-0-0,NOUN,dactylic,1
5121,AUTHOR,2,1-0,VERB,trochaic,1
5124,AUTHORITARIAN,6,0-2-0-1-0-0,NOUN,dactylic,1
