95,YOU,BLUE,CREW,FLEW,GLUE,HUE,NEW,QUEUE,SHOE,SUE,THROUGH,VIEW,RENEW,PURSUE,CHEW,IMBUE,ENSUE,ACCRUE,CONSTRUE,RENEW,MISCONSTRUE,,,,,,,,,,,,,,,,,,,,,,
96,ORANGE,HINGE,SPORANGE,STORAGE,FORAGE,PORANGE,PORRIDGE,,,,,,,,,,,,,,,,,,,,,,,,,,,,,,,,,,,,
97,ME,BE,DEGREE,FLEE,GLEE,KEY,LEE,THEE,FREE,PLEA,KNEE,TEE,SEA,SPREE,HE,SHE,ME,PEA,WE,SKI,,,,,,,,,,,,,,,,,,,,,,,
98,LOVE,DOVE,ABOVE,THEREOF,SHOVE,GLOVE,MOVE,PROVE,REMOVE,APPROVE,DISAPPROVE,GROOVE,BEHOVE,BEHOOVE,BEHOOVETH,CLOVE,,,,,,,,,,,,,,,,,,,,,,,,,,,
99,TIME,CHIME,CLIMB,GRIME,MIME,PRIME,SHINE,SUBPRIME,THYME,LIME,RHYME,CRIME,CHIME,MIME,CLIME,GRIME,CHIME,SLANTRHYME,PASTIME,DAYTIME,ANYTIME,NOTIME,,,,,,,,,,,,,,,,,,,,,
100,LIFE,KNIFE,STRIFE,WIFE,FIFE,RIFE,HIFE,TIFF,JIFF,MIFF,NIFF,PIFF,SIFF,SNIFF,STIFF,WIFF,YIFF,WIFE,,,,,,,,,,,,,,,,,,,,,,,,,
102,DAY,PAY,SAY,LAY,BAY,WAY,PLAY,SLAY,GREY,SPRAY,STAY,DISPLAY,DECAY,DELAY,WEIGH,ARRAY,CONVEY,,,,,,,,,,,,,,,,,,,,,,,,,,
103,UP,CUP,PUP,HUP,SUP,YUP,DUP,GUP,JUP,LUP,NUP,RUP,SCHRUP,TUP,STUP,WUP,ZUP,,,,,,,,,,,,,,,,,,,,,,,,,,
104,WORLD,FURLED,TWIRLED,UNFURLED,UNFURLED,CURLED,SWIRLED,UNFURLED,HURLED,UNFURLED,UNFURLED,,,,,,,,,,,,,,,,,,,,,,,,,,,,,,,,
105,MONTH,BLUNT,FRONT,HUNT,PUNT,RUNT,STUNT,UNT,GAUNT,HAUNT,JAUNT,TAUNT,VAUNT,DAUNT,,,,,,,,,,,,,,,,,,,,,,,,,,,,,
106,HEART,ART,START,SMART,APART,DEPART,IMPART,CART,DART,HART,QUART,CHART,HEART,,,,,,,,,,,,,,,,,,,,,,,,,,,,,,
107,ONE,DONE,GONE,STONE,BONE,CONE,LONE,NONE,SHONE,TONE,PRONE,BLOWN,MOAN,GROAN,FLOWN,OWN,,,,,,,,,,,,,,,,,,,,,,,,,,,
108,HOME,COMB,DOME,FOAM,GNOME,GNAW,HOE,LOAM,ROAM,DOME,SEWN,SHOWN,STONE,THROWN,FLOWN,KNOWN,,,,,,,,,,,,,,,,,,,,,,,,,,,
109,IT,BIT,FIT,HIT,KNIT,LIT,PIT,QUIT,SIT,SLIT,SPIT,SUBMIT,SPLIT,WIT,KIT,NIT,,,,,,,,,,,,,,,,,,,,,,,,,,,
110,FRIENDS,TRENDS,ENDS,BENDS,BLENDS,LENDS,SENDS,EXTENDS,ATTENDS,COMPREHENDS,COMPREHENDS,DEFENDS,DEPENDS,OFFENDS,PRETENDS,COMPREHENDS,TRANSCENDS,AMENDS,,,,,,,,,,,,,,,,,,,,,,,,,
111,AGAIN,TRAIN,DRAIN,GAIN,REFRAIN,MAINTAIN,OBTAIN,EXPLAIN,CONTAIN,SUSTAIN,ENTERTAIN,DETAIN,CAMPAIGN,FEIGN,DISDAIN,ORDAIN,PANE,,,,,,,,,,,,,,,,,,,,,,,,,,
112,FUN,GUN,BUN,DONE,NONE,STUN,TON,BEGUN,NUN,SHUN,SPUN,RUN,,,,,,,,,,,,,,,,,,,,,,,,,,,,,,,
113,GO,FLOW,GROW,KNOW,LOW,MOW,NO,SHOW,SLOW,THROW,TOE,TOW,BLOW,CROW,GLOW,HOE,OVERFLOW,,,,,,,,,,,,,,,,,,,,,,,,,,
114,BACK,JACK,PACK,TACK,QUACK,RACK,STACK,TACK,WHACK,HACK,KNACK,ATTACK,,,,,,,,,,,,,,,,,,,,,,,,,,,,,,,
115,OUT,SCOUT,WITHOUT,ABOUT,THROUGHOUT,DEVOUT,DEVOUTLY,SPROUT,TROUT,TOUT,LOUT,STOUT,ROUT,SHOUT,ROUTE,FLOUT,GOUT,SPOUT,POUT,DROUGHT,HICCOUGH,BUYOUT,SELLOUT,BLACKOUT,WORKOUT,TURNABOUT,REDOUBT,READOUT,LAYABOUT,HANGOUT,DROPOUT,BREAKOUT,BAILOUT,,,,,,,,,
116,WAY,DAY,DELAY,DISPLAY,ESSAY,GRAY,HAY,HEY,HOLIDAY,OKAY,PAY,PLAY,PRAY,PREY,QUAY,RELAY,REPAY,SAY,SPRAY,STAY,STRAY,SWAY,THEY,TRAY,WAY,WEIGH,,,,,,,,,,,,,,,,,
117,DREAM,STREAM,SEEM,SCHEME,GLEAM,CREAM,EXTREME,DREAM,BEAM,THEME,TEEM,SEAM,STREAM,,,,,,,,,,,,,,,,,,,,,,,,,,,,,,
118,EASY,BREEZY,CHEESY,DIZZY,GREASY,QUEASY,SLEEZY,SQUEEZEY,WHEEZY,BREEZILY,SLEAZY,SLEAZILY,,,,,,,,,,,,,,,,,,,,,,,,,,,,,,,
119,EYES,FLIES,GUYS,LIES,PIES,SKIES,SPIES,TIES,VIES,WISE,BUYS,DIES,TRIES,REPLIES,DENIES,SUPPLIES,,,,,,,,,,,,,,,,,,,,,,,,,,,
120,BLUE,CHEW,DEW,DREW,GLUE,HUE,NEW,QUEUE,SHOE,TRUE,,,,,,,,,,,,,,,,,,,,,,,,,,,,,,,,,
121,DOWN,CLOWN,CROWN,DROWN,FROWN,GOWN,HOUND,NOUN,NOUNS,OWN,PRONOUN,POUND,RENOWN,ROUND,TOWN,VOWEL,,,,,,,,,,,,,,,,,,,,,,,,,,,
122,NIGHT,BRIGHT,FIGHT,FLIGHT,HEIGHT,KNIGHT,RIGHT,SIGHT,,,,,,,,,,,,,,,,,,,,,,,,,,,,,,,,,,,
123,CAT,BAT,CHAT,FAT,FLAT,HAT,MAT,PAT,RAT,SAT,TAT,VAT,THAT,GNAT,HABITAT,,,,,,,,,,,,,,,,,,,,,,,,,,,,
124,GOOD,SHOULD,WOOD,HOOD,UNDERSTOOD,WOULD,COULD,STOOD,,,,,,,,,,,,,,,,,,,,,,,,,,,,,,,,,,,
125,DO,BLUE,CHEW,CREW,DEEM,DUE,FLU,GLUE,HEW,HUE,KNEW,LEW,LIEU,MEW,NEW,PEW,QUEUE,RUE,SEW,SHOE,SKEW,SLUE,STEW,SUE,THROUGH,TRUE,VIEW,VIRTUE,WOO,YOU,,,,,,,,,,,,,
126,MORE,FLOOR,GALORE,SHORE,SNORE,STORE,BEFORE,ADORE,BORE,CHORE,CORE,DOOR,GALORE,IGNORE,OAR,RESTORE,SCORE,SORE,TOUR,WAR,YORE,,,,,,,,,,,,,,,,,,,,,,
127,MIND,LINED,BIND,RIND,SIGNED,UNREFINED,SHRINED,FIND,KIND,BLIND,GRIND,WIND,SIGNED,INTERTWINED,DESIGNED,REFINED,INTERTWINED,,,,,,,,,,,,,,,,,,,,,,,,,,
128,END,BEND,BLEND,BEFRIEND,EXPEND,EXTEND,FEND,FRIEND,LEND,MEND,OFFEND,REND,SEND,SPEND,TEND,WEND,COMPREHEND,COMPREHENDED,TRANSCENDED,APPENDED,ATTENDED,EXTENDED,PRETENDED,RECOMMENDED,SUSPENDED,OFFENDED,BEFRIENDED,AMENDED,,,,,,,,,,,,,,,
129,WORK,BIRK,CLERKED,CLERKING,CORK,DIRK,FIRKIN,FORK,IRK,PERK,PORK,QUIRK,SHIRK,SMIRK,STORK,TORQUE,,,,,,,,,,,,,,,,,,,,,,,,,,,
130,FACE,ACE,BASE,BRACE,CASE,CHASE,DEBASE,DISGRACE,EMBRACE,ERASE,GRACE,LACE,PACE,PLACE,RACE,REPLACE,SPACE,TRACE,VASE,,,,,,,,,,,,,,,,,,,,,,,,
131,ALONE,CLONE,CONE,DRONE,FLOWN,GROAN,MOAN,OWN,PHONE,STONE,THROWN,ZONE,,,,,,,,,,,,,,,,,,,,,,,,,,,,,,,
132,THING,BEING,FLING,KING,RING,SING,SLING,SPRING,STRING,SWINGING,WING,WRING,CLING,DINGING,JINGLING,MINGLING,RINGING,STINGING,WINGING,SWING,STING,,,,,,,,,,,,,,,,,,,,,,
133,TWO,BLUE,CHEW,DEW,QUEUE,SHOE,DO,WHO,CLUE,TRUE,FLEW,GREW,STEW,GLUE,,,,,,,,,,,,,,,,,,,,,,,,,,,,,
134,AWAY,SWAY,DECAY,STRAY,RELAY,ARRAY,PLAY,DELAY,WEIGH,DISPLAY,CONVEYS,FRAYS,GRAY,HAY,PORTRAY,PRAYS,QUELL,REPEL,STAY,ALLAY,ASSAY,BEWRAY,DECAY,DISPLAY,DISARRAY,ESSAY,MISSAY,OKAY,OVERPLAY,PORTRAY,PREPLAY,PURVEY,RELAY,REPLAY,REPOSE,REPRISE,RESELL,RESEW,SWAY,TODAY,UNDERLAY,UPSET,WAY
135,HOUSE,BLOUSE,DOUSE,MOUSE,SPOUSE,,,,,,,,,,,,,,,,,,,,,,,,,,,,,,,,,,,,,,
136,ON,CON,DAWN,DON,FAWN,,,,,,,,,,,,,,,,,,,,,,,,,,,,,,,,,,,,,,
137,NOW,BOW,COW,HOW,PROW,,,,,,,,,,,,,,,,,,,,,,,,,,,,,,,,,,,,,,
138,BE,SEE,FEE,KEY,TREE,,,,,,,,,,,,,,,,,,,,,,,,,,,,,,,,,,,,,,
139,ROOM,BLOOM,BROOM,GROOM,TOMB,,,,,,,,,,,,,,,,,,,,,,,,,,,,,,,,,,,,,,
140,MINE,FINE,SHINE,SPINE,WINE,,,,,,,,,,,,,,,,,,,,,,,,,,,,,,,,,,,,,,
141,OVER,CLOVER,DOVER,HOVER,ROVER,,,,,,,,,,,,,,,,,,,,,,,,,,,,,,,,,,,,,,
142,JOY,BOY,EMPLOY,SOY,TOY,,,,,,,,,,,,,,,,,,,,,,,,,,,,,,,,,,,,,,
143,OFF,COUGH,TOUGH,SCOFF,,,,,,,,,,,,,,,,,,,,,,,,,,,,,,,,,,,,,,,
144,DARK,PARK,STARK,BARK,SHARK,,,,,,,,,,,,,,,,,,,,,,,,,,,,,,,,,,,,,,
145,RED,BED,LED,SAID,,,,,,,,,,,,,,,,,,,,,,,,,,,,,,,,,,,,,,,
146,WATER,DAUGHTER,SLAUGHTER,SQUANDER,,,,,,,,,,,,,,,,,,,,,,,,,,,,,,,,,,,,,,,
147,FALL,BALL,CALL,MALL,SMALL,,,,,,,,,,,,,,,,,,,,,,,,,,,,,,,,,,,,,,
148,MAN,CAN,FAN,PAN,RAN,VAN,PLAN,FLAN,,,,,,,,,,,,,,,,,,,,,,,,,,,,,,,,,,,
149,TREE,DEGREE,FLEE,GLEE,KEY,,,,,,,,,,,,,,,,,,,,,,,,,,,,,,,,,,,,,,
150,GONE,CONE,STONE,TONE,,,,,,,,,,,,,,,,,,,,,,,,,,,,,,,,,,,,,,,
151,HERE,CLEAR,DEER,GEAR,TEAR,,,,,,,,,,,,,,,,,,,,,,,,,,,,,,,,,,,,,,
152,BEST,REST,TEST,ZEST,,,,,,,,,,,,,,,,,,,,,,,,,,,,,,,,,,,,,,,
153,WORD,BLURRED,THIRD,,,,,,,,,,,,,,,,,,,,,,,,,,,,,,,,,,,,,,,,
154,SEE,BE,KEY,TREE,,,,,,,,,,,,,,,,,,,,,,,,,,,,,,,,,,,,,,,
155,LIGHT,BRIGHT,FIGHT,FLIGHT,HEIGHT,KNIGHT,,,,,,,,,,,,,,,,,,,,,,,,,,,,,,,,,,,,,
156,SOUL,BOWL,CAJOLE,GOAL,ROLE,HOLE,WHOLE,DOLE,POLE,ROLE,TOLL,KNOLL,,,,,,,,,,,,,,,,,,,,,,,,,,,,,,,
157,DOG,BOG,CLOG,FOG,JOG,LOG,,,,,,,,,,,,,,,,,,,,,,,,,,,,,,,,,,,,,
158,SKY,HIGH,BY,DIE,LIE,,,,,,,,,,,,,,,,,,,,,,,,,,,,,,,,,,,,,,
159,BETTER,FETTER,LETTER,SETTER,,,,,,,,,,,,,,,,,,,,,,,,,,,,,,,,,,,,,,,
160,PURPLE,BURBLE,CIRCLE,HURDLE,MIRROR,,,,,,,,,,,,,,,,,,,,,,,,,,,,,,,,,,,,,,
161,CARE,BARE,FARE,STARE,WEAR,,,,,,,,,,,,,,,,,,,,,,,,,,,,,,,,,,,,,,
162,SUN,BUN,FUN,RUN,TON,,,,,,,,,,,,,,,,,,,,,,,,,,,,,,,,,,,,,,
163,RIGHT,BITE,FIGHT,HEIGHT,KNIGHT,NIGHT,,,,,,,,,,,,,,,,,,,,,,,,,,,,,,,,,,,,,
164,KNOW,BLOW,GLOW,SHOW,,,,,,,,,,,,,,,,,,,,,,,,,,,,,,,,,,,,,,,
165,SPECIAL,CAPITAL,FUNERAL,HOSPITAL,,,,,,,,,,,,,,,,,,,,,,,,,,,,,,,,,,,,,,,
166,HARD,BARD,CARD,YARD,,,,,,,,,,,,,,,,,,,,,,,,,,,,,,,,,,,,,,,
167,GAME,AIM,BLAME,FAME,,,,,,,,,,,,,,,,,,,,,,,,,,,,,,,,,,,,,,,
168,US,PLUS,TRUST,MUST,,,,,,,,,,,,,,,,,,,,,,,,,,,,,,,,,,,,,,,
169,HER,BLUR,PURR,SIR,,,,,,,,,,,,,,,,,,,,,,,,,,,,,,,,,,,,,,,
170,PLACE,BRACE,RACE,SPACE,,,,,,,,,,,,,,,,,,,,,,,,,,,,,,,,,,,,,,,
171,FIVE,ALIVE,ARRIVE,DIVE,,,,,,,,,,,,,,,,,,,,,,,,,,,,,,,,,,,,,,,
172,PLAY,BAY,LAY,MAY,SAY,,,,,,,,,,,,,,,,,,,,,,,,,,,,,,,,,,,,,,
173,YEAR,CLEAR,DEAR,PEER,,,,,,,,,,,,,,,,,,,,,,,,,,,,,,,,,,,,,,,
174,THREE,FREE,GLEE,KEY,,,,,,,,,,,,,,,,,,,,,,,,,,,,,,,,,,,,,,,
175,CAR,BAR,FAR,STAR,,,,,,,,,,,,,,,,,,,,,,,,,,,,,,,,,,,,,,,
176,CHANGE,ARRANGE,DERANGE,STRANGE,,,,,,,,,,,,,,,,,,,,,,,,,,,,,,,,,,,,,,,
177,FIRE,MIRE,SIRE,SPIRE,,,,,,,,,,,,,,,,,,,,,,,,,,,,,,,,,,,,,,,
178,THEM,GEM,HEM,STEM,,,,,,,,,,,,,,,,,,,,,,,,,,,,,,,,,,,,,,,
179,GREEN,KEEN,MEAN,SCREEN,,,,,,,,,,,,,,,,,,,,,,,,,,,,,,,,,,,,,,,
180,BED,LED,SAID,WED,,,,,,,,,,,,,,,,,,,,,,,,,,,,,,,,,,,,,,,
181,CARES,PAIRS,SHARES,FARES,GLARES,STARES,WARES,FLARES,SNARES,SQUARES,TARES,,,,,,,,,,,,,,,,,,,,,,,,,,,,,,,,
182,GENERATION,CREATION,TEMPTATION,IMAGINATION,FASCINATION,VENERATION,CONTEMPLATION,EXALTATION,ABERRATION,ANIMATION,VENERATION,,,,,,,,,,,,,,,,,,,,,,,,,,,,,,,,
183,FREE,TREE,SEE,BE,ME,FLEE,GLEE,LEE,PEE,KEY,SPREE,,,,,,,,,,,,,,,,,,,,,,,,,,,,,,,,
184,CRAZY,LAZY,HAZY,DAISY,CRAZY,,,,,,,,,,,,,,,,,,,,,,,,,,,,,,,,,,,,,,
185,FAMILY,VANITY,SANITY,BANALITY,CALAMITY,FORMALITY,NEUTRALITY,REALITY,PRODIGALITY,INTEGRITY,NATIONALITY,,,,,,,,,,,,,,,,,,,,,,,,,,,,,,,,
186,DONE,WON,FUN,RUN,BEGUN,NONE,SUN,TON,SPUN,STUN,NUN,,,,,,,,,,,,,,,,,,,,,,,,,,,,,,,,
187,PAIN,BRAIN,CHAIN,DRAIN,GAIN,GRAIN,LANE,MAIN,PAIN,PLAIN,SPAIN,TRAIN,WANE,RAIN,VAIN,,,,,,,,,,,,,,,,,,,,,,,,,,,,
188,RAIN,TRAIN,DRAIN,GRAIN,PAIN,SPAIN,REGAIN,SUSTAIN,DOMAIN,RETAIN,EXPLAIN,,,,,,,,,,,,,,,,,,,,,,,,,,,,,,,,
189,RAP,LAP,TAP,CAP,MAP,FLAP,TRAP,SAP,SNAP,GAP,,,,,,,,,,,,,,,,,,,,,,,,,,,,,,,,,
190,SKY,TRY,FLY,BY,MY,SHY,DRY,HI,LIE,BUY,HIGH,,,,,,,,,,,,,,,,,,,,,,,,,,,,,,,,
191,LIGHTS,NIGHTS,FLIGHTS,HEIGHTS,SIGHTS,RIGHTS,DELIGHTS,SATELLITES,REQUITES,IGNITE,FRIGHT,,,,,,,,,,,,,,,,,,,,,,,,,,,,,,,,
192,NAME,FAME,SHAME,BLAME,GAME,AIM,TAME,MAIM,CLAIM,SAME,FLAME,,,,,,,,,,,,,,,,,,,,,,,,,,,,,,,,
193,ENOUGH,ROUGH,TOUGH,BLUFF,STUFF,HUFF,PUFF,SNUFF,SLOUGH,CHUFF,FLUFF,,,,,,,,,,,,,,,,,,,,,,,,,,,,,,,,
194,DOOR,FLOOR,STORE,BORE,MORE,SHORE,ROAR,POUR,BEFORE,ADORE,DEPLORE,,,,,,,,,,,,,,,,,,,,,,,,,,,,,,,,
195,ALONE,BONE,STONE,CONE,PHONE,TONE,KNOWN,PRONE,FLOWN,SHOWN,GROWN,,,,,,,,,,,,,,,,,,,,,,,,,,,,,,,,
196,STAR,BAR,CAR,FAR,ARE,TAR,SCAR,CIGAR,GUITAR,RADAR,BAZAAR,,,,,,,,,,,,,,,,,,,,,,,,,,,,,,,,
197,SMILES,MILES,PILES,STYLES,TILES,FILES,AISLES,GUILES,PROFILES,REVILES,VILES,,,,,,,,,,,,,,,,,,,,,,,,,,,,,,,,
198,WORKS,LURKS,PERKS,IRKS,QUIRKS,JERKS,BURKS,SHIRKS,TURKS,SMIRKS,QUIRKS,,,,,,,,,,,,,,,,,,,,,,,,,,,,,,,,
199,SMILE,MILE,FILE,STYLE,TILE,AISLE,GUILE,PROFILE,REVILE,PILE,VILE,WHILE,,,,,,,,,,,,,,,,,,,,,,,,,,,,,,,
200,HEADED,BEDDED,EMBEDDED,WEDDED,EMBEDDED,POTTED,DOTTED,PLOTTED,TROTTED,KNOTTED,JOTTED,,,,,,,,,,,,,,,,,,,,,,,,,,,,,,,,
201,STAR,BAR,CAR,FAR,JAR,TAR,BAZAAR,CIGAR,SCHLAR,SUPERSTAR,,,,,,,,,,,,,,,,,,,,,,,,,,,,,,,,,
202,HOUSE,MOUSE,GROUSE,SPOUSE,DOUSE,BLOUSE,BROWSE,AROUSE,CAROUSE,SOUSE,,,,,,,,,,,,,,,,,,,,,,,,,,,,,,,,,
203,GOOD,WOOD,SHOULD,COULD,WOULD,HOOD,STOOD,STOOD,UNDERSTOOD,,,,,,,,,,,,,,,,,,,,,,,,,,,,,,,,,,
204,THINGS,RINGS,SINGS,KINGS,WINGS,BRINGS,STRINGS,SPRINGS,SWINGS,STINGS,TINGS,,,,,,,,,,,,,,,,,,,,,,,,,,,,,,,,
205,HEAD,BED,WED,LED,SAID,SHED,READ,SPREAD,INSTEAD,AHEAD,RED,DEAD,,,,,,,,,,,,,,,,,,,,,,,,,,,,,,,
206,ALL,BALL,MALL,FALL,SMALL,HALL,CALL,WALL,CRAWL,RECALL,OVERALL,,,,,,,,,,,,,,,,,,,,,,,,,,,,,,,,
207,WORKING,SMIRKING,JERKING,LURKING,IRKING,SMIRKING,SHIRKING,SMIRKING,BURKING,SMIRKING,QUIRKS,,,,,,,,,,,,,,,,,,,,,,,,,,,,,,,,
208,SMILED,PILED,FILED,STYLED,TILED,AISLED,GUILED,PROFILED,REVILED,COMPILED,DIALED,,,,,,,,,,,,,,,,,,,,,,,,,,,,,,,,
209,MAN,CAN,FAN,PAN,TAN,BAN,RAN,VAN,AN,THAN,CLAN,,,,,,,,,,,,,,,,,,,,,,,,,,,,,,,,
210,MINDS,FINDS,KINDS,BLINDS,GRINDS,WINDS,SIGNED,INTERTWINED,DESIGNED,REFINED,INTERTWINED,,,,,,,,,,,,,,,,,,,,,,,,,,,,,,,,
211,SMILING,PILING,FILING,STYLING,TILING,AISLING,GUILING,PROFILING,REVILING,COMPILING,DIALING,,,,,,,,,,,,,,,,,,,,,,,,,,,,,,,,
212,WORK,LURK,PERK,IRK,QUIRK,JERK,BURK,SHIRK,TURK,SMIRK,QUIRK,,,,,,,,,,,,,,,,,,,,,,,,,,,,,,,,
213,MORE,BORE,STORE,SHORE,ROAR,POUR,BEFORE,ADORE,DEPLORE,RESTORE,IMPLORE,,,,,,,,,,,,,,,,,,,,,,,,,,,,,,,,
214,AWAY,STAY,PLAY,SAY,SLAY,STRAY,WAY,MAY,DAY,BAY,LAY,,,,,,,,,,,,,,,,,,,,,,,,,,,,,,,,
215,NOW,VOW,HOW,PLOW,COW,WOW,PROW,SCOW,SOW,AVOW,BROW,,,,,,,,,,,,,,,,,,,,,,,,,,,,,,,,
216,ON,CON,DON,TON,GONE,SHONE,BON,LAWN,DAWN,SWAN,DRAWN,,,,,,,,,,,,,,,,,,,,,,,,,,,,,,,,
217,BLUES,NEWS,VIEWS,QUEUES,DUES,SHOES,QUEUES,CLUES,BLUES,ENSUES,OOS,,,,,,,,,,,,,,,,,,,,,,,,,,,,,,,,
218,DREAMS,BEAMS,SEEMS,THEMES,SCHEMES,STREAMS,GLEAMS,SCREAMS,TEEMS,BEAMS,EXTREME,,,,,,,,,,,,,,,,,,,,,,,,,,,,,,,,
219,HEADS,BEDS,WED,LED,SAID,SHED,READ,SPREAD,INSTEAD,AHEAD,RED,,,,,,,,,,,,,,,,,,,,,,,,,,,,,,,,
220,WORKED,SMIRKED,JERKED,LURKED,IRKED,SMIRKED,SHIRKED,SMIRKED,BURKED,SMIRKED,QUIRKS,,,,,,,,,,,,,,,,,,,,,,,,,,,,,,,,
221,FACE,LACE,RACE,PLACE,BASE,CASE,GRACE,BRACE,TRACE,PACE,DEFACE,,,,,,,,,,,,,,,,,,,,,,,,,,,,,,,,
222,DO,GO,SO,NO,SHOW,GROW,KNOW,THROW,MOW,BLOW,FLOW,,,,,,,,,,,,,,,,,,,,,,,,,,,,,,,,
223,MINDED,FIND,KIND,BLIND,GRIND,WIND,SIGNED,INTERTWINED,DESIGNED,REFINED,INTERTWINED,,,,,,,,,,,,,,,,,,,,,,,,,,,,,,,,
224,STARS,BARS,CARS,FAR,ARE,TAR,SCAR,CIGAR,GUITAR,RADAR,BAZAAR,,,,,,,,,,,,,,,,,,,,,,,,,,,,,,,,
225,END,BEND,SEND,BLEND,TEND,FEND,SPEND,REND,DEPEND,PRETEND,ATTEND,,,,,,,,,,,,,,,,,,,,,,,,,,,,,,,,
226,DOWN,CROWN,DROWN,GOWN,BROWN,CLOWN,TOWN,FROWN,GOWN,NOUN,RENOWN,,,,,,,,,,,,,,,,,,,,,,,,,,,,,,,,
227,DREAMING,STREAMING,SEEMING,SCHEMING,GLEAMING,CREAM,EXTREME,DREAMING,BEAMING,THEME,TEEMING,,,,,,,,,,,,,,,,,,,,,,,,,,,,,,,,
228,NIGHTS,LIGHTS,FLIGHTS,HEIGHTS,SIGHTS,RIGHTS,DELIGHTS,SATELLITES,REQUITES,IGNITE,FRIGHT,,,,,,,,,,,,,,,,,,,,,,,,,,,,,,,,
229,EYE,BY,MY,FLY,HIGH,SHY,TRY,DRY,HI,LIE,BUY,,,,,,,,,,,,,,,,,,,,,,,,,,,,,,,,
230,WAYS,DAYS,PLAYS,SAYS,SLAY,STRAY,WAY,MAY,BAY,LAY,PAY,,,,,,,,,,,,,,,,,,,,,,,,,,,,,,,,
231,EASY,BUSY,DIZZY,FIZZY,LAZY,HAZY,DAISY,CRAZY,SLEAZY,WHEEZY,MISTY,,,,,,,,,,,,,,,,,,,,,,,,,,,,,,,,
232,DOWNS,CROWNS,DROWNS,GOWNS,BROWNS,CLOWNS,TOWNS,FROWNS,NOUNS,RENOWNS,DOWNS,CLOWNS,,,,,,,,,,,,,,,,,,,,,,,,,,,,,,,
233,ONE,BONE,STONE,CONE,PHONE,TONE,KNOWN,PRONE,FLOWN,SHOWN,GROWN,,,,,,,,,,,,,,,,,,,,,,,,,,,,,,,,
234,FRIENDSHIP,FELLOWSHIP,OWNERSHIP,PARTNERSHIP,LEADERSHIP,STEWARDSHIP,MEMBERSHIP,APPRENTICESHIP,GUARDIANSHIP,SISTERHOOD,BROTHERHOOD,,,,,,,,,,,,,,,,,,,,,,,,,,,,,,,,
235,NIGHT,LIGHT,FLIGHT,HEIGHT,SIGHT,RIGHT,DELIGHT,SATELLITE,REQUITE,IGNITE,FRIGHT,,,,,,,,,,,,,,,,,,,,,,,,,,,,,,,,
236,DREAMED,STREAMED,SEEMED,SCHEMED,GLEAMED,CREAMED,EXTREME,DREAMED,BEAMED,THEMED,TEEMED,,,,,,,,,,,,,,,,,,,,,,,,,,,,,,,,
237,BLUE,TRUE,NEW,DO,WHO,SHOE,CLUE,FLEW,GREW,STEW,GLUE,KNEW,,,,,,,,,,,,,,,,,,,,,,,,,,,,,,,
238,WITHOUT,SCOUT,THROUGHOUT,DROUGHT,TOUT,POUT,,,,,,,,,,,,,,,,,,,,,,,,,,,,,,,,,,,,,
239,ONES,BONES,STONES,DRONES,CONES,PHONES,,,,,,,,,,,,,,,,,,,,,,,,,,,,,,,,,,,,,
240,FUNNY,BUNNY,MONEY,HONEY,SUNNY,TUNNY,,,,,,,,,,,,,,,,,,,,,,,,,,,,,,,,,,,,,
241,GOES,THOSE,FOES,HOSE,CHOSE,DOZE,,,,,,,,,,,,,,,,,,,,,,,,,,,,,,,,,,,,,
242,FRIENDS,BENDS,ENDS,BLENDS,SENDS,DEFENDS,,,,,,,,,,,,,,,,,,,,,,,,,,,,,,,,,,,,,
243,GOING,SHOWING,KNOWING,ROWING,SOWING,MOWING,,,,,,,,,,,,,,,,,,,,,,,,,,,,,,,,,,,,,
244,HEARTED,DEPARTING,SMARTED,STARTED,,,,,,,,,,,,,,,,,,,,,,,,,,,,,,,,,,,,,,,
245,BACKS,CRACKS,TRACKS,PACKS,LACKS,BACKS,,,,,,,,,,,,,,,,,,,,,,,,,,,,,,,,,,,,,
246,AGAIN,DRAIN,PAIN,REGAIN,ABSTAIN,,,,,,,,,,,,,,,,,,,,,,,,,,,,,,,,,,,,,,
247,IT,HIT,KIT,LIT,PIT,BIT,KNIT,FIT,,,,,,,,,,,,,,,,,,,,,,,,,,,,,,,,,,,
248,BACK,RACK,TRACK,PACK,ATTACK,,,,,,,,,,,,,,,,,,,,,,,,,,,,,,,,,,,,,,
249,FRIEND,END,BEND,LEND,FEND,SEND,DEFEND,,,,,,,,,,,,,,,,,,,,,,,,,,,,,,,,,,,,
